index,variant,date,trades,net_points
0,core_plus_london_reversal_spread_20,2026-02-12,3,1320
1,core_plus_london_reversal_spread_20,2026-02-16,2,880
2,core_plus_london_reversal_spread_20,2026-02-17,2,-180
3,core_plus_london_reversal_spread_20,2026-02-18,1,-90
4,core_plus_london_reversal_spread_20,2026-02-19,2,350
5,core_plus_london_reversal_spread_20,2026-02-20,1,-90
6,core_plus_london_reversal_spread_20,2026-02-23,1,440
7,core_plus_london_reversal_spread_20,2026-02-24,1,-90
8,core_plus_london_reversal_spread_20,2026-02-26,5,-450
9,core_plus_london_reversal_spread_20,2026-03-02,1,-90
10,core_plus_london_reversal_spread_20,2026-03-06,4,170
11,core_plus_london_reversal_spread_22,2026-02-12,3,1320
12,core_plus_london_reversal_spread_22,2026-02-16,2,880
13,core_plus_london_reversal_spread_22,2026-02-17,2,-180
14,core_plus_london_reversal_spread_22,2026-02-18,1,-90
15,core_plus_london_reversal_spread_22,2026-02-19,2,350
16,core_plus_london_reversal_spread_22,2026-02-20,1,-90
17,core_plus_london_reversal_spread_22,2026-02-23,1,440
18,core_plus_london_reversal_spread_22,2026-02-24,1,-90
19,core_plus_london_reversal_spread_22,2026-02-26,5,-450
20,core_plus_london_reversal_spread_22,2026-03-02,1,-90
21,core_plus_london_reversal_spread_22,2026-03-03,1,-90
22,core_plus_london_reversal_spread_22,2026-03-04,3,260
23,core_plus_london_reversal_spread_22,2026-03-06,4,170
24,core_plus_london_reversal_spread_22,2026-03-10,1,440
25,core_plus_london_reversal_spread_22,2026-03-11,1,440
26,core_plus_london_reversal_spread_22,2026-03-12,2,-180
27,core_plus_london_reversal_spread_22,2026-03-16,1,-90
28,core_plus_london_reversal_spread_22,2026-03-17,1,-90
29,core_plus_london_reversal_spread_23,2026-02-12,3,1320
30,core_plus_london_reversal_spread_23,2026-02-16,2,880
31,core_plus_london_reversal_spread_23,2026-02-17,2,-180
32,core_plus_london_reversal_spread_23,2026-02-18,1,-90
33,core_plus_london_reversal_spread_23,2026-02-19,2,350
34,core_plus_london_reversal_spread_23,2026-02-20,1,-90
35,core_plus_london_reversal_spread_23,2026-02-23,1,440
36,core_plus_london_reversal_spread_23,2026-02-24,1,-90
37,core_plus_london_reversal_spread_23,2026-02-26,5,-450
38,core_plus_london_reversal_spread_23,2026-03-02,1,-90
39,core_plus_london_reversal_spread_23,2026-03-03,1,-90
40,core_plus_london_reversal_spread_23,2026-03-04,3,260
41,core_plus_london_reversal_spread_23,2026-03-06,4,170
42,core_plus_london_reversal_spread_23,2026-03-10,1,440
43,core_plus_london_reversal_spread_23,2026-03-11,1,440
44,core_plus_london_reversal_spread_23,2026-03-12,2,-180
45,core_plus_london_reversal_spread_23,2026-03-16,1,-90
46,core_plus_london_reversal_spread_23,2026-03-17,1,-90
47,core_plus_london_reversal_spread_23,2026-03-18,2,350
48,core_plus_london_reversal_spread_23,2026-03-20,1,-90
49,core_plus_london_reversal_spread_23,2026-03-24,1,-90
50,core_plus_london_reversal_spread_23,2026-03-25,2,-180
51,core_plus_london_reversal_spread_23,2026-03-26,1,-90
52,core_plus_london_reversal_spread_23,2026-03-27,1,-90
53,core_plus_london_reversal_spread_23,2026-03-30,3,-270
54,core_plus_london_reversal_spread_23,2026-03-31,1,-90
55,core_plus_london_reversal_spread_23,2026-04-07,2,350
56,core_plus_london_reversal_spread_23,2026-04-22,5,80
57,core_plus_london_reversal_spread_23,2026-04-24,2,-180
58,core_plus_london_reversal_spread_23,2026-04-27,1,-90
59,core_plus_london_reversal_spread_23,2026-04-28,1,-90
60,core_plus_london_reversal_spread_23,2026-04-29,1,-90
61,core_plus_london_reversal_spread_23,2026-04-30,1,-90
62,core_plus_london_reversal_spread_23,2026-05-01,2,-180
63,core_plus_london_reversal_spread_23,2026-05-05,1,-90
64,core_plus_london_reversal_spread_23,2026-05-06,1,440
65,core_plus_london_reversal_spread_23,2026-05-07,2,-180
66,core_plus_london_reversal_spread_23,2026-05-08,1,-90
67,core_plus_london_reversal_spread_23,2026-05-12,2,-180
68,core_plus_london_reversal_spread_23,2026-05-14,2,350
69,core_plus_london_reversal_spread_23,2026-05-15,2,-180
70,core_plus_london_reversal_spread_23,2026-05-18,1,-90
71,core_plus_london_reversal_spread_23,2026-05-19,2,350
72,core_plus_london_reversal_spread_23,2026-05-20,2,-180
73,core_plus_london_reversal_spread_23,2026-05-21,1,-90
74,core_plus_london_reversal_spread_23,2026-05-22,1,-90
75,core_plus_london_reversal_spread_23,2026-05-25,1,-90
76,core_plus_london_reversal_spread_25,2026-02-12,3,1320
77,core_plus_london_reversal_spread_25,2026-02-16,2,880
78,core_plus_london_reversal_spread_25,2026-02-17,2,-180
79,core_plus_london_reversal_spread_25,2026-02-18,1,-90
80,core_plus_london_reversal_spread_25,2026-02-19,2,350
81,core_plus_london_reversal_spread_25,2026-02-20,1,-90
82,core_plus_london_reversal_spread_25,2026-02-23,1,440
83,core_plus_london_reversal_spread_25,2026-02-24,1,-90
84,core_plus_london_reversal_spread_25,2026-02-26,5,-450
85,core_plus_london_reversal_spread_25,2026-03-02,1,-90
86,core_plus_london_reversal_spread_25,2026-03-03,1,-90
87,core_plus_london_reversal_spread_25,2026-03-04,3,260
88,core_plus_london_reversal_spread_25,2026-03-06,4,170
89,core_plus_london_reversal_spread_25,2026-03-10,1,440
90,core_plus_london_reversal_spread_25,2026-03-11,1,440
91,core_plus_london_reversal_spread_25,2026-03-12,2,-180
92,core_plus_london_reversal_spread_25,2026-03-16,1,-90
93,core_plus_london_reversal_spread_25,2026-03-17,1,-90
94,core_plus_london_reversal_spread_25,2026-03-18,2,350
95,core_plus_london_reversal_spread_25,2026-03-20,1,-90
96,core_plus_london_reversal_spread_25,2026-03-24,1,-90
97,core_plus_london_reversal_spread_25,2026-03-25,2,-180
98,core_plus_london_reversal_spread_25,2026-03-26,1,-90
99,core_plus_london_reversal_spread_25,2026-03-27,1,-90
100,core_plus_london_reversal_spread_25,2026-03-30,3,-270
101,core_plus_london_reversal_spread_25,2026-03-31,1,-90
102,core_plus_london_reversal_spread_25,2026-04-07,2,350
103,core_plus_london_reversal_spread_25,2026-04-14,1,440
104,core_plus_london_reversal_spread_25,2026-04-16,2,350
105,core_plus_london_reversal_spread_25,2026-04-17,2,-180
106,core_plus_london_reversal_spread_25,2026-04-22,5,80
107,core_plus_london_reversal_spread_25,2026-04-24,2,-180
108,core_plus_london_reversal_spread_25,2026-04-27,1,-90
109,core_plus_london_reversal_spread_25,2026-04-28,1,-90
110,core_plus_london_reversal_spread_25,2026-04-29,1,-90
111,core_plus_london_reversal_spread_25,2026-04-30,1,-90
112,core_plus_london_reversal_spread_25,2026-05-01,2,-180
113,core_plus_london_reversal_spread_25,2026-05-05,1,-90
114,core_plus_london_reversal_spread_25,2026-05-06,1,440
115,core_plus_london_reversal_spread_25,2026-05-07,2,-180
116,core_plus_london_reversal_spread_25,2026-05-08,1,-90
117,core_plus_london_reversal_spread_25,2026-05-12,2,-180
118,core_plus_london_reversal_spread_25,2026-05-14,2,350
119,core_plus_london_reversal_spread_25,2026-05-15,2,-180
120,core_plus_london_reversal_spread_25,2026-05-18,1,-90
121,core_plus_london_reversal_spread_25,2026-05-19,2,350
122,core_plus_london_reversal_spread_25,2026-05-20,2,-180
123,core_plus_london_reversal_spread_25,2026-05-21,1,-90
124,core_plus_london_reversal_spread_25,2026-05-22,1,-90
125,core_plus_london_reversal_spread_25,2026-05-25,1,-90
126,core_plus_retrace_spread_20,2026-02-12,1,440
127,core_plus_retrace_spread_20,2026-02-16,2,880
128,core_plus_retrace_spread_20,2026-02-17,3,-250
129,core_plus_retrace_spread_20,2026-02-18,2,-160
130,core_plus_retrace_spread_20,2026-02-19,3,280
131,core_plus_retrace_spread_20,2026-02-20,2,400
132,core_plus_retrace_spread_20,2026-02-23,1,440
133,core_plus_retrace_spread_20,2026-02-24,2,-160
134,core_plus_retrace_spread_20,2026-02-26,4,240
135,core_plus_retrace_spread_20,2026-03-02,2,-160
136,core_plus_retrace_spread_20,2026-03-06,6,80
137,core_plus_retrace_spread_22,2026-02-12,1,440
138,core_plus_retrace_spread_22,2026-02-16,2,880
139,core_plus_retrace_spread_22,2026-02-17,3,-250
140,core_plus_retrace_spread_22,2026-02-18,2,-160
141,core_plus_retrace_spread_22,2026-02-19,3,280
142,core_plus_retrace_spread_22,2026-02-20,2,400
143,core_plus_retrace_spread_22,2026-02-23,1,440
144,core_plus_retrace_spread_22,2026-02-24,2,-160
145,core_plus_retrace_spread_22,2026-02-26,4,240
146,core_plus_retrace_spread_22,2026-03-02,2,-160
147,core_plus_retrace_spread_22,2026-03-03,2,400
148,core_plus_retrace_spread_22,2026-03-04,5,120
149,core_plus_retrace_spread_22,2026-03-06,6,80
150,core_plus_retrace_spread_22,2026-03-11,1,440
151,core_plus_retrace_spread_22,2026-03-12,2,-160
152,core_plus_retrace_spread_23,2026-02-12,1,440
153,core_plus_retrace_spread_23,2026-02-16,2,880
154,core_plus_retrace_spread_23,2026-02-17,3,-250
155,core_plus_retrace_spread_23,2026-02-18,2,-160
156,core_plus_retrace_spread_23,2026-02-19,3,280
157,core_plus_retrace_spread_23,2026-02-20,2,400
158,core_plus_retrace_spread_23,2026-02-23,1,440
159,core_plus_retrace_spread_23,2026-02-24,2,-160
160,core_plus_retrace_spread_23,2026-02-26,4,240
161,core_plus_retrace_spread_23,2026-03-02,2,-160
162,core_plus_retrace_spread_23,2026-03-03,2,400
163,core_plus_retrace_spread_23,2026-03-04,5,120
164,core_plus_retrace_spread_23,2026-03-06,6,80
165,core_plus_retrace_spread_23,2026-03-11,1,440
166,core_plus_retrace_spread_23,2026-03-12,2,-160
167,core_plus_retrace_spread_23,2026-03-18,4,210
168,core_plus_retrace_spread_23,2026-03-20,2,-160
169,core_plus_retrace_spread_23,2026-03-24,2,400
170,core_plus_retrace_spread_23,2026-03-25,1,-90
171,core_plus_retrace_spread_23,2026-03-26,2,-160
172,core_plus_retrace_spread_23,2026-03-30,3,-250
173,core_plus_retrace_spread_23,2026-03-31,2,400
174,core_plus_retrace_spread_23,2026-04-07,1,440
175,core_plus_retrace_spread_23,2026-04-22,5,-410
176,core_plus_retrace_spread_23,2026-04-24,4,-320
177,core_plus_retrace_spread_23,2026-04-28,2,-160
178,core_plus_retrace_spread_23,2026-05-01,4,-320
179,core_plus_retrace_spread_23,2026-05-05,1,-90
180,core_plus_retrace_spread_23,2026-05-06,2,370
181,core_plus_retrace_spread_23,2026-05-07,4,240
182,core_plus_retrace_spread_23,2026-05-08,2,400
183,core_plus_retrace_spread_23,2026-05-14,4,210
184,core_plus_retrace_spread_23,2026-05-15,3,-250
185,core_plus_retrace_spread_23,2026-05-18,2,-160
186,core_plus_retrace_spread_23,2026-05-19,3,280
187,core_plus_retrace_spread_23,2026-05-20,4,-320
188,core_plus_retrace_spread_23,2026-05-21,2,-160
189,core_plus_retrace_spread_23,2026-05-22,2,400
190,core_plus_retrace_spread_25,2026-02-12,1,440
191,core_plus_retrace_spread_25,2026-02-16,2,880
192,core_plus_retrace_spread_25,2026-02-17,3,-250
193,core_plus_retrace_spread_25,2026-02-18,2,-160
194,core_plus_retrace_spread_25,2026-02-19,3,280
195,core_plus_retrace_spread_25,2026-02-20,2,400
196,core_plus_retrace_spread_25,2026-02-23,1,440
197,core_plus_retrace_spread_25,2026-02-24,2,-160
198,core_plus_retrace_spread_25,2026-02-26,4,240
199,core_plus_retrace_spread_25,2026-03-02,2,-160
200,core_plus_retrace_spread_25,2026-03-03,2,400
201,core_plus_retrace_spread_25,2026-03-04,5,120
202,core_plus_retrace_spread_25,2026-03-06,6,80
203,core_plus_retrace_spread_25,2026-03-11,1,440
204,core_plus_retrace_spread_25,2026-03-12,2,-160
205,core_plus_retrace_spread_25,2026-03-18,4,210
206,core_plus_retrace_spread_25,2026-03-20,2,-160
207,core_plus_retrace_spread_25,2026-03-24,2,400
208,core_plus_retrace_spread_25,2026-03-25,1,-90
209,core_plus_retrace_spread_25,2026-03-26,2,-160
210,core_plus_retrace_spread_25,2026-03-30,3,-250
211,core_plus_retrace_spread_25,2026-03-31,2,400
212,core_plus_retrace_spread_25,2026-04-07,1,440
213,core_plus_retrace_spread_25,2026-04-14,2,370
214,core_plus_retrace_spread_25,2026-04-16,2,-160
215,core_plus_retrace_spread_25,2026-04-17,4,240
216,core_plus_retrace_spread_25,2026-04-22,5,-410
217,core_plus_retrace_spread_25,2026-04-24,4,-320
218,core_plus_retrace_spread_25,2026-04-28,2,-160
219,core_plus_retrace_spread_25,2026-05-01,4,-320
220,core_plus_retrace_spread_25,2026-05-05,1,-90
221,core_plus_retrace_spread_25,2026-05-06,2,370
222,core_plus_retrace_spread_25,2026-05-07,4,240
223,core_plus_retrace_spread_25,2026-05-08,2,400
224,core_plus_retrace_spread_25,2026-05-14,4,210
225,core_plus_retrace_spread_25,2026-05-15,3,-250
226,core_plus_retrace_spread_25,2026-05-18,2,-160
227,core_plus_retrace_spread_25,2026-05-19,3,280
228,core_plus_retrace_spread_25,2026-05-20,4,-320
229,core_plus_retrace_spread_25,2026-05-21,2,-160
230,core_plus_retrace_spread_25,2026-05-22,2,400
231,core_plus_rsi_london_spread_20,2026-02-12,6,550
232,core_plus_rsi_london_spread_20,2026-02-16,3,810
233,core_plus_rsi_london_spread_20,2026-02-17,4,140
234,core_plus_rsi_london_spread_20,2026-02-18,4,-300
235,core_plus_rsi_london_spread_20,2026-02-19,11,-280
236,core_plus_rsi_london_spread_20,2026-02-20,4,160
237,core_plus_rsi_london_spread_20,2026-02-23,4,1150
238,core_plus_rsi_london_spread_20,2026-02-24,2,300
239,core_plus_rsi_london_spread_20,2026-02-26,2,-180
240,core_plus_rsi_london_spread_20,2026-02-27,1,-70
241,core_plus_rsi_london_spread_20,2026-03-02,4,-300
242,core_plus_rsi_london_spread_20,2026-03-03,1,-70
243,core_plus_rsi_london_spread_20,2026-03-05,7,430
244,core_plus_rsi_london_spread_20,2026-03-06,3,-270
245,core_plus_rsi_london_spread_20,2026-03-09,2,320
246,core_plus_rsi_london_spread_22,2026-02-12,6,550
247,core_plus_rsi_london_spread_22,2026-02-16,3,810
248,core_plus_rsi_london_spread_22,2026-02-17,4,140
249,core_plus_rsi_london_spread_22,2026-02-18,4,-300
250,core_plus_rsi_london_spread_22,2026-02-19,11,-280
251,core_plus_rsi_london_spread_22,2026-02-20,4,160
252,core_plus_rsi_london_spread_22,2026-02-23,4,1150
253,core_plus_rsi_london_spread_22,2026-02-24,2,300
254,core_plus_rsi_london_spread_22,2026-02-26,2,-180
255,core_plus_rsi_london_spread_22,2026-02-27,1,-70
256,core_plus_rsi_london_spread_22,2026-03-02,4,-300
257,core_plus_rsi_london_spread_22,2026-03-03,2,-160
258,core_plus_rsi_london_spread_22,2026-03-04,4,190
259,core_plus_rsi_london_spread_22,2026-03-05,7,430
260,core_plus_rsi_london_spread_22,2026-03-06,3,-270
261,core_plus_rsi_london_spread_22,2026-03-09,2,320
262,core_plus_rsi_london_spread_22,2026-03-10,3,250
263,core_plus_rsi_london_spread_22,2026-03-11,3,760
264,core_plus_rsi_london_spread_22,2026-03-12,5,-370
265,core_plus_rsi_london_spread_22,2026-03-13,3,710
266,core_plus_rsi_london_spread_22,2026-03-16,3,250
267,core_plus_rsi_london_spread_22,2026-03-17,7,-30
268,core_plus_rsi_london_spread_23,2026-02-12,6,550
269,core_plus_rsi_london_spread_23,2026-02-16,3,810
270,core_plus_rsi_london_spread_23,2026-02-17,4,140
271,core_plus_rsi_london_spread_23,2026-02-18,4,-300
272,core_plus_rsi_london_spread_23,2026-02-19,11,-280
273,core_plus_rsi_london_spread_23,2026-02-20,4,160
274,core_plus_rsi_london_spread_23,2026-02-23,4,1150
275,core_plus_rsi_london_spread_23,2026-02-24,2,300
276,core_plus_rsi_london_spread_23,2026-02-26,2,-180
277,core_plus_rsi_london_spread_23,2026-02-27,1,-70
278,core_plus_rsi_london_spread_23,2026-03-02,4,-300
279,core_plus_rsi_london_spread_23,2026-03-03,2,-160
280,core_plus_rsi_london_spread_23,2026-03-04,4,190
281,core_plus_rsi_london_spread_23,2026-03-05,7,430
282,core_plus_rsi_london_spread_23,2026-03-06,3,-270
283,core_plus_rsi_london_spread_23,2026-03-09,2,320
284,core_plus_rsi_london_spread_23,2026-03-10,3,250
285,core_plus_rsi_london_spread_23,2026-03-11,3,760
286,core_plus_rsi_london_spread_23,2026-03-12,5,-370
287,core_plus_rsi_london_spread_23,2026-03-13,3,710
288,core_plus_rsi_london_spread_23,2026-03-16,3,250
289,core_plus_rsi_london_spread_23,2026-03-17,7,-30
290,core_plus_rsi_london_spread_23,2026-03-18,7,0
291,core_plus_rsi_london_spread_23,2026-03-19,3,-210
292,core_plus_rsi_london_spread_23,2026-03-20,3,-230
293,core_plus_rsi_london_spread_23,2026-03-24,1,-90
294,core_plus_rsi_london_spread_23,2026-03-25,2,-160
295,core_plus_rsi_london_spread_23,2026-03-26,2,-160
296,core_plus_rsi_london_spread_23,2026-03-27,2,320
297,core_plus_rsi_london_spread_23,2026-03-30,11,110
298,core_plus_rsi_london_spread_23,2026-03-31,1,-90
299,core_plus_rsi_london_spread_23,2026-04-01,5,-350
300,core_plus_rsi_london_spread_23,2026-04-06,7,-30
301,core_plus_rsi_london_spread_23,2026-04-07,5,160
302,core_plus_rsi_london_spread_23,2026-04-08,3,-210
303,core_plus_rsi_london_spread_23,2026-04-22,4,120
304,core_plus_rsi_london_spread_23,2026-04-23,3,1170
305,core_plus_rsi_london_spread_23,2026-04-24,7,-70
306,core_plus_rsi_london_spread_23,2026-04-27,7,-490
307,core_plus_rsi_london_spread_23,2026-04-28,5,-370
308,core_plus_rsi_london_spread_23,2026-04-29,1,-70
309,core_plus_rsi_london_spread_23,2026-04-30,6,40
310,core_plus_rsi_london_spread_23,2026-05-01,7,-70
311,core_plus_rsi_london_spread_23,2026-05-04,1,-70
312,core_plus_rsi_london_spread_23,2026-05-05,2,-160
313,core_plus_rsi_london_spread_23,2026-05-06,3,760
314,core_plus_rsi_london_spread_23,2026-05-07,4,-320
315,core_plus_rsi_london_spread_23,2026-05-08,1,-90
316,core_plus_rsi_london_spread_23,2026-05-11,4,180
317,core_plus_rsi_london_spread_23,2026-05-12,2,320
318,core_plus_rsi_london_spread_23,2026-05-13,4,640
319,core_plus_rsi_london_spread_23,2026-05-14,6,990
320,core_plus_rsi_london_spread_23,2026-05-15,6,0
321,core_plus_rsi_london_spread_23,2026-05-18,2,300
322,core_plus_rsi_london_spread_23,2026-05-19,2,350
323,core_plus_rsi_london_spread_23,2026-05-20,3,-250
324,core_plus_rsi_london_spread_23,2026-05-21,8,-580
325,core_plus_rsi_london_spread_23,2026-05-22,2,-160
326,core_plus_rsi_london_spread_23,2026-05-25,2,-140
327,core_plus_rsi_london_spread_23,2026-05-26,3,-210
328,core_plus_rsi_london_spread_25,2026-02-12,6,550
329,core_plus_rsi_london_spread_25,2026-02-16,3,810
330,core_plus_rsi_london_spread_25,2026-02-17,4,140
331,core_plus_rsi_london_spread_25,2026-02-18,4,-300
332,core_plus_rsi_london_spread_25,2026-02-19,11,-280
333,core_plus_rsi_london_spread_25,2026-02-20,4,160
334,core_plus_rsi_london_spread_25,2026-02-23,4,1150
335,core_plus_rsi_london_spread_25,2026-02-24,2,300
336,core_plus_rsi_london_spread_25,2026-02-26,2,-180
337,core_plus_rsi_london_spread_25,2026-02-27,1,-70
338,core_plus_rsi_london_spread_25,2026-03-02,4,-300
339,core_plus_rsi_london_spread_25,2026-03-03,2,-160
340,core_plus_rsi_london_spread_25,2026-03-04,4,190
341,core_plus_rsi_london_spread_25,2026-03-05,7,430
342,core_plus_rsi_london_spread_25,2026-03-06,3,-270
343,core_plus_rsi_london_spread_25,2026-03-09,2,320
344,core_plus_rsi_london_spread_25,2026-03-10,3,250
345,core_plus_rsi_london_spread_25,2026-03-11,3,760
346,core_plus_rsi_london_spread_25,2026-03-12,5,-370
347,core_plus_rsi_london_spread_25,2026-03-13,3,710
348,core_plus_rsi_london_spread_25,2026-03-16,3,250
349,core_plus_rsi_london_spread_25,2026-03-17,7,-30
350,core_plus_rsi_london_spread_25,2026-03-18,7,0
351,core_plus_rsi_london_spread_25,2026-03-19,3,-210
352,core_plus_rsi_london_spread_25,2026-03-20,5,-370
353,core_plus_rsi_london_spread_25,2026-03-24,1,-90
354,core_plus_rsi_london_spread_25,2026-03-25,2,-160
355,core_plus_rsi_london_spread_25,2026-03-26,3,-230
356,core_plus_rsi_london_spread_25,2026-03-27,2,320
357,core_plus_rsi_london_spread_25,2026-03-30,11,110
358,core_plus_rsi_london_spread_25,2026-03-31,1,-90
359,core_plus_rsi_london_spread_25,2026-04-01,5,-350
360,core_plus_rsi_london_spread_25,2026-04-06,7,-30
361,core_plus_rsi_london_spread_25,2026-04-07,5,160
362,core_plus_rsi_london_spread_25,2026-04-08,3,-210
363,core_plus_rsi_london_spread_25,2026-04-14,9,340
364,core_plus_rsi_london_spread_25,2026-04-16,4,-300
365,core_plus_rsi_london_spread_25,2026-04-17,5,70
366,core_plus_rsi_london_spread_25,2026-04-22,4,120
367,core_plus_rsi_london_spread_25,2026-04-23,3,1170
368,core_plus_rsi_london_spread_25,2026-04-24,7,-70
369,core_plus_rsi_london_spread_25,2026-04-27,7,-490
370,core_plus_rsi_london_spread_25,2026-04-28,5,-370
371,core_plus_rsi_london_spread_25,2026-04-29,1,-70
372,core_plus_rsi_london_spread_25,2026-04-30,6,40
373,core_plus_rsi_london_spread_25,2026-05-01,7,-70
374,core_plus_rsi_london_spread_25,2026-05-04,1,-70
375,core_plus_rsi_london_spread_25,2026-05-05,2,-160
376,core_plus_rsi_london_spread_25,2026-05-06,3,760
377,core_plus_rsi_london_spread_25,2026-05-07,4,-320
378,core_plus_rsi_london_spread_25,2026-05-08,1,-90
379,core_plus_rsi_london_spread_25,2026-05-11,4,180
380,core_plus_rsi_london_spread_25,2026-05-12,2,320
381,core_plus_rsi_london_spread_25,2026-05-13,4,640
382,core_plus_rsi_london_spread_25,2026-05-14,6,990
383,core_plus_rsi_london_spread_25,2026-05-15,6,0
384,core_plus_rsi_london_spread_25,2026-05-18,2,300
385,core_plus_rsi_london_spread_25,2026-05-19,2,350
386,core_plus_rsi_london_spread_25,2026-05-20,3,-250
387,core_plus_rsi_london_spread_25,2026-05-21,8,-580
388,core_plus_rsi_london_spread_25,2026-05-22,2,-160
389,core_plus_rsi_london_spread_25,2026-05-25,2,-140
390,core_plus_rsi_london_spread_25,2026-05-26,3,-210
391,core_with_failed_replacement_spread_20,2026-02-12,1,440
392,core_with_failed_replacement_spread_20,2026-02-16,2,880
393,core_with_failed_replacement_spread_20,2026-02-17,2,400
394,core_with_failed_replacement_spread_20,2026-02-18,1,-90
395,core_with_failed_replacement_spread_20,2026-02-19,2,350
396,core_with_failed_replacement_spread_20,2026-02-20,1,-90
397,core_with_failed_replacement_spread_20,2026-02-23,1,440
398,core_with_failed_replacement_spread_20,2026-02-24,1,-90
399,core_with_failed_replacement_spread_20,2026-02-26,2,400
400,core_with_failed_replacement_spread_20,2026-03-02,1,490
401,core_with_failed_replacement_spread_20,2026-03-06,3,240
402,core_with_failed_replacement_spread_22,2026-02-12,1,440
403,core_with_failed_replacement_spread_22,2026-02-16,2,880
404,core_with_failed_replacement_spread_22,2026-02-17,2,400
405,core_with_failed_replacement_spread_22,2026-02-18,1,-90
406,core_with_failed_replacement_spread_22,2026-02-19,2,350
407,core_with_failed_replacement_spread_22,2026-02-20,1,-90
408,core_with_failed_replacement_spread_22,2026-02-23,1,440
409,core_with_failed_replacement_spread_22,2026-02-24,1,-90
410,core_with_failed_replacement_spread_22,2026-02-26,2,400
411,core_with_failed_replacement_spread_22,2026-03-02,1,490
412,core_with_failed_replacement_spread_22,2026-03-03,1,-160
413,core_with_failed_replacement_spread_22,2026-03-04,3,260
414,core_with_failed_replacement_spread_22,2026-03-06,3,240
415,core_with_failed_replacement_spread_22,2026-03-11,1,-160
416,core_with_failed_replacement_spread_22,2026-03-12,1,-90
417,core_with_failed_replacement_spread_23,2026-02-12,1,440
418,core_with_failed_replacement_spread_23,2026-02-16,2,880
419,core_with_failed_replacement_spread_23,2026-02-17,2,400
420,core_with_failed_replacement_spread_23,2026-02-18,1,-90
421,core_with_failed_replacement_spread_23,2026-02-19,2,350
422,core_with_failed_replacement_spread_23,2026-02-20,1,-90
423,core_with_failed_replacement_spread_23,2026-02-23,1,440
424,core_with_failed_replacement_spread_23,2026-02-24,1,-90
425,core_with_failed_replacement_spread_23,2026-02-26,2,400
426,core_with_failed_replacement_spread_23,2026-03-02,1,490
427,core_with_failed_replacement_spread_23,2026-03-03,1,-160
428,core_with_failed_replacement_spread_23,2026-03-04,3,260
429,core_with_failed_replacement_spread_23,2026-03-06,3,240
430,core_with_failed_replacement_spread_23,2026-03-11,1,-160
431,core_with_failed_replacement_spread_23,2026-03-12,1,-90
432,core_with_failed_replacement_spread_23,2026-03-18,2,-320
433,core_with_failed_replacement_spread_23,2026-03-20,1,490
434,core_with_failed_replacement_spread_23,2026-03-24,1,-90
435,core_with_failed_replacement_spread_23,2026-03-25,1,-160
436,core_with_failed_replacement_spread_23,2026-03-26,1,-90
437,core_with_failed_replacement_spread_23,2026-03-30,2,400
438,core_with_failed_replacement_spread_23,2026-03-31,1,490
439,core_with_failed_replacement_spread_23,2026-04-07,1,440
440,core_with_failed_replacement_spread_23,2026-04-22,3,-270
441,core_with_failed_replacement_spread_23,2026-04-24,2,-180
442,core_with_failed_replacement_spread_23,2026-04-28,1,-90
443,core_with_failed_replacement_spread_23,2026-05-01,2,-180
444,core_with_failed_replacement_spread_23,2026-05-05,1,-90
445,core_with_failed_replacement_spread_23,2026-05-06,1,440
446,core_with_failed_replacement_spread_23,2026-05-07,2,-180
447,core_with_failed_replacement_spread_23,2026-05-08,1,-90
448,core_with_failed_replacement_spread_23,2026-05-14,2,350
449,core_with_failed_replacement_spread_23,2026-05-15,2,-180
450,core_with_failed_replacement_spread_23,2026-05-18,1,-90
451,core_with_failed_replacement_spread_23,2026-05-19,2,350
452,core_with_failed_replacement_spread_23,2026-05-20,2,400
453,core_with_failed_replacement_spread_23,2026-05-21,1,-90
454,core_with_failed_replacement_spread_23,2026-05-22,1,-90
455,core_with_failed_replacement_spread_25,2026-02-12,1,440
456,core_with_failed_replacement_spread_25,2026-02-16,2,880
457,core_with_failed_replacement_spread_25,2026-02-17,2,400
458,core_with_failed_replacement_spread_25,2026-02-18,1,-90
459,core_with_failed_replacement_spread_25,2026-02-19,2,350
460,core_with_failed_replacement_spread_25,2026-02-20,1,-90
461,core_with_failed_replacement_spread_25,2026-02-23,1,440
462,core_with_failed_replacement_spread_25,2026-02-24,1,-90
463,core_with_failed_replacement_spread_25,2026-02-26,2,400
464,core_with_failed_replacement_spread_25,2026-03-02,1,490
465,core_with_failed_replacement_spread_25,2026-03-03,1,-160
466,core_with_failed_replacement_spread_25,2026-03-04,3,260
467,core_with_failed_replacement_spread_25,2026-03-06,3,240
468,core_with_failed_replacement_spread_25,2026-03-11,1,-160
469,core_with_failed_replacement_spread_25,2026-03-12,1,-90
470,core_with_failed_replacement_spread_25,2026-03-18,2,-320
471,core_with_failed_replacement_spread_25,2026-03-20,1,490
472,core_with_failed_replacement_spread_25,2026-03-24,1,-90
473,core_with_failed_replacement_spread_25,2026-03-25,1,-160
474,core_with_failed_replacement_spread_25,2026-03-26,1,-90
475,core_with_failed_replacement_spread_25,2026-03-30,2,400
476,core_with_failed_replacement_spread_25,2026-03-31,1,490
477,core_with_failed_replacement_spread_25,2026-04-07,1,440
478,core_with_failed_replacement_spread_25,2026-04-14,1,440
479,core_with_failed_replacement_spread_25,2026-04-16,1,-90
480,core_with_failed_replacement_spread_25,2026-04-17,2,-180
481,core_with_failed_replacement_spread_25,2026-04-22,3,-270
482,core_with_failed_replacement_spread_25,2026-04-24,2,-180
483,core_with_failed_replacement_spread_25,2026-04-28,1,-90
484,core_with_failed_replacement_spread_25,2026-05-01,2,-180
485,core_with_failed_replacement_spread_25,2026-05-05,1,-90
486,core_with_failed_replacement_spread_25,2026-05-06,1,440
487,core_with_failed_replacement_spread_25,2026-05-07,2,-180
488,core_with_failed_replacement_spread_25,2026-05-08,1,-90
489,core_with_failed_replacement_spread_25,2026-05-14,2,350
490,core_with_failed_replacement_spread_25,2026-05-15,2,-180
491,core_with_failed_replacement_spread_25,2026-05-18,1,-90
492,core_with_failed_replacement_spread_25,2026-05-19,2,350
493,core_with_failed_replacement_spread_25,2026-05-20,2,400
494,core_with_failed_replacement_spread_25,2026-05-21,1,-90
495,core_with_failed_replacement_spread_25,2026-05-22,1,-90
496,failed_continuation_spread_20,2026-02-17,1,490
497,failed_continuation_spread_20,2026-02-26,1,490
498,failed_continuation_spread_20,2026-03-02,1,490
499,failed_continuation_spread_20,2026-03-06,2,330
500,failed_continuation_spread_22,2026-02-17,1,490
501,failed_continuation_spread_22,2026-02-26,1,490
502,failed_continuation_spread_22,2026-03-02,1,490
503,failed_continuation_spread_22,2026-03-03,1,-160
504,failed_continuation_spread_22,2026-03-06,2,330
505,failed_continuation_spread_22,2026-03-11,1,-160
506,failed_continuation_spread_23,2026-02-17,1,490
507,failed_continuation_spread_23,2026-02-26,1,490
508,failed_continuation_spread_23,2026-03-02,1,490
509,failed_continuation_spread_23,2026-03-03,1,-160
510,failed_continuation_spread_23,2026-03-06,2,330
511,failed_continuation_spread_23,2026-03-11,1,-160
512,failed_continuation_spread_23,2026-03-18,2,-320
513,failed_continuation_spread_23,2026-03-20,1,490
514,failed_continuation_spread_23,2026-03-25,1,-160
515,failed_continuation_spread_23,2026-03-30,1,490
516,failed_continuation_spread_23,2026-03-31,1,490
517,failed_continuation_spread_23,2026-05-20,1,490
518,failed_continuation_spread_25,2026-02-17,1,490
519,failed_continuation_spread_25,2026-02-26,1,490
520,failed_continuation_spread_25,2026-03-02,1,490
521,failed_continuation_spread_25,2026-03-03,1,-160
522,failed_continuation_spread_25,2026-03-06,2,330
523,failed_continuation_spread_25,2026-03-11,1,-160
524,failed_continuation_spread_25,2026-03-18,2,-320
525,failed_continuation_spread_25,2026-03-20,1,490
526,failed_continuation_spread_25,2026-03-25,1,-160
527,failed_continuation_spread_25,2026-03-30,1,490
528,failed_continuation_spread_25,2026-03-31,1,490
529,failed_continuation_spread_25,2026-05-20,1,490
530,quality_plus_failed_spread_20,2026-02-12,1,440
531,quality_plus_failed_spread_20,2026-02-16,2,880
532,quality_plus_failed_spread_20,2026-02-17,1,490
533,quality_plus_failed_spread_20,2026-02-19,1,440
534,quality_plus_failed_spread_20,2026-02-20,1,-90
535,quality_plus_failed_spread_20,2026-02-23,1,440
536,quality_plus_failed_spread_20,2026-02-26,1,490
537,quality_plus_failed_spread_20,2026-03-02,1,490
538,quality_plus_failed_spread_20,2026-03-06,2,330
539,quality_plus_failed_spread_22,2026-02-12,1,440
540,quality_plus_failed_spread_22,2026-02-16,2,880
541,quality_plus_failed_spread_22,2026-02-17,1,490
542,quality_plus_failed_spread_22,2026-02-19,1,440
543,quality_plus_failed_spread_22,2026-02-20,1,-90
544,quality_plus_failed_spread_22,2026-02-23,1,440
545,quality_plus_failed_spread_22,2026-02-26,1,490
546,quality_plus_failed_spread_22,2026-03-02,1,490
547,quality_plus_failed_spread_22,2026-03-03,1,-160
548,quality_plus_failed_spread_22,2026-03-06,2,330
549,quality_plus_failed_spread_22,2026-03-11,1,-160
550,quality_plus_failed_spread_22,2026-03-12,1,-90
551,quality_plus_failed_spread_23,2026-02-12,1,440
552,quality_plus_failed_spread_23,2026-02-16,2,880
553,quality_plus_failed_spread_23,2026-02-17,1,490
554,quality_plus_failed_spread_23,2026-02-19,1,440
555,quality_plus_failed_spread_23,2026-02-20,1,-90
556,quality_plus_failed_spread_23,2026-02-23,1,440
557,quality_plus_failed_spread_23,2026-02-26,1,490
558,quality_plus_failed_spread_23,2026-03-02,1,490
559,quality_plus_failed_spread_23,2026-03-03,1,-160
560,quality_plus_failed_spread_23,2026-03-06,2,330
561,quality_plus_failed_spread_23,2026-03-11,1,-160
562,quality_plus_failed_spread_23,2026-03-12,1,-90
563,quality_plus_failed_spread_23,2026-03-18,2,-320
564,quality_plus_failed_spread_23,2026-03-20,1,490
565,quality_plus_failed_spread_23,2026-03-25,1,-160
566,quality_plus_failed_spread_23,2026-03-30,1,490
567,quality_plus_failed_spread_23,2026-03-31,1,490
568,quality_plus_failed_spread_23,2026-04-24,1,-90
569,quality_plus_failed_spread_23,2026-04-28,1,-90
570,quality_plus_failed_spread_23,2026-05-01,1,-90
571,quality_plus_failed_spread_23,2026-05-07,1,-90
572,quality_plus_failed_spread_23,2026-05-14,2,350
573,quality_plus_failed_spread_23,2026-05-19,1,-90
574,quality_plus_failed_spread_23,2026-05-20,2,400
575,quality_plus_failed_spread_25,2026-02-12,1,440
576,quality_plus_failed_spread_25,2026-02-16,2,880
577,quality_plus_failed_spread_25,2026-02-17,1,490
578,quality_plus_failed_spread_25,2026-02-19,1,440
579,quality_plus_failed_spread_25,2026-02-20,1,-90
580,quality_plus_failed_spread_25,2026-02-23,1,440
581,quality_plus_failed_spread_25,2026-02-26,1,490
582,quality_plus_failed_spread_25,2026-03-02,1,490
583,quality_plus_failed_spread_25,2026-03-03,1,-160
584,quality_plus_failed_spread_25,2026-03-06,2,330
585,quality_plus_failed_spread_25,2026-03-11,1,-160
586,quality_plus_failed_spread_25,2026-03-12,1,-90
587,quality_plus_failed_spread_25,2026-03-18,2,-320
588,quality_plus_failed_spread_25,2026-03-20,1,490
589,quality_plus_failed_spread_25,2026-03-25,1,-160
590,quality_plus_failed_spread_25,2026-03-30,1,490
591,quality_plus_failed_spread_25,2026-03-31,1,490
592,quality_plus_failed_spread_25,2026-04-14,1,440
593,quality_plus_failed_spread_25,2026-04-16,1,-90
594,quality_plus_failed_spread_25,2026-04-17,1,-90
595,quality_plus_failed_spread_25,2026-04-24,1,-90
596,quality_plus_failed_spread_25,2026-04-28,1,-90
597,quality_plus_failed_spread_25,2026-05-01,1,-90
598,quality_plus_failed_spread_25,2026-05-07,1,-90
599,quality_plus_failed_spread_25,2026-05-14,2,350
600,quality_plus_failed_spread_25,2026-05-19,1,-90
601,quality_plus_failed_spread_25,2026-05-20,2,400
602,reversal_core_spread_20,2026-02-12,1,440
603,reversal_core_spread_20,2026-02-16,2,880
604,reversal_core_spread_20,2026-02-17,2,-180
605,reversal_core_spread_20,2026-02-18,1,-90
606,reversal_core_spread_20,2026-02-19,2,350
607,reversal_core_spread_20,2026-02-20,1,-90
608,reversal_core_spread_20,2026-02-23,1,440
609,reversal_core_spread_20,2026-02-24,1,-90
610,reversal_core_spread_20,2026-02-26,2,-180
611,reversal_core_spread_20,2026-03-02,1,-90
612,reversal_core_spread_20,2026-03-06,3,-270
613,reversal_core_spread_22,2026-02-12,1,440
614,reversal_core_spread_22,2026-02-16,2,880
615,reversal_core_spread_22,2026-02-17,2,-180
616,reversal_core_spread_22,2026-02-18,1,-90
617,reversal_core_spread_22,2026-02-19,2,350
618,reversal_core_spread_22,2026-02-20,1,-90
619,reversal_core_spread_22,2026-02-23,1,440
620,reversal_core_spread_22,2026-02-24,1,-90
621,reversal_core_spread_22,2026-02-26,2,-180
622,reversal_core_spread_22,2026-03-02,1,-90
623,reversal_core_spread_22,2026-03-03,1,-90
624,reversal_core_spread_22,2026-03-04,3,260
625,reversal_core_spread_22,2026-03-06,3,-270
626,reversal_core_spread_22,2026-03-11,1,440
627,reversal_core_spread_22,2026-03-12,1,-90
628,reversal_core_spread_23,2026-02-12,1,440
629,reversal_core_spread_23,2026-02-16,2,880
630,reversal_core_spread_23,2026-02-17,2,-180
631,reversal_core_spread_23,2026-02-18,1,-90
632,reversal_core_spread_23,2026-02-19,2,350
633,reversal_core_spread_23,2026-02-20,1,-90
634,reversal_core_spread_23,2026-02-23,1,440
635,reversal_core_spread_23,2026-02-24,1,-90
636,reversal_core_spread_23,2026-02-26,2,-180
637,reversal_core_spread_23,2026-03-02,1,-90
638,reversal_core_spread_23,2026-03-03,1,-90
639,reversal_core_spread_23,2026-03-04,3,260
640,reversal_core_spread_23,2026-03-06,3,-270
641,reversal_core_spread_23,2026-03-11,1,440
642,reversal_core_spread_23,2026-03-12,1,-90
643,reversal_core_spread_23,2026-03-18,2,350
644,reversal_core_spread_23,2026-03-20,1,-90
645,reversal_core_spread_23,2026-03-24,1,-90
646,reversal_core_spread_23,2026-03-25,1,-90
647,reversal_core_spread_23,2026-03-26,1,-90
648,reversal_core_spread_23,2026-03-30,2,-180
649,reversal_core_spread_23,2026-03-31,1,-90
650,reversal_core_spread_23,2026-04-07,1,440
651,reversal_core_spread_23,2026-04-22,3,-270
652,reversal_core_spread_23,2026-04-24,2,-180
653,reversal_core_spread_23,2026-04-28,1,-90
654,reversal_core_spread_23,2026-05-01,2,-180
655,reversal_core_spread_23,2026-05-05,1,-90
656,reversal_core_spread_23,2026-05-06,1,440
657,reversal_core_spread_23,2026-05-07,2,-180
658,reversal_core_spread_23,2026-05-08,1,-90
659,reversal_core_spread_23,2026-05-14,2,350
660,reversal_core_spread_23,2026-05-15,2,-180
661,reversal_core_spread_23,2026-05-18,1,-90
662,reversal_core_spread_23,2026-05-19,2,350
663,reversal_core_spread_23,2026-05-20,2,-180
664,reversal_core_spread_23,2026-05-21,1,-90
665,reversal_core_spread_23,2026-05-22,1,-90
666,reversal_core_spread_25,2026-02-12,1,440
667,reversal_core_spread_25,2026-02-16,2,880
668,reversal_core_spread_25,2026-02-17,2,-180
669,reversal_core_spread_25,2026-02-18,1,-90
670,reversal_core_spread_25,2026-02-19,2,350
671,reversal_core_spread_25,2026-02-20,1,-90
672,reversal_core_spread_25,2026-02-23,1,440
673,reversal_core_spread_25,2026-02-24,1,-90
674,reversal_core_spread_25,2026-02-26,2,-180
675,reversal_core_spread_25,2026-03-02,1,-90
676,reversal_core_spread_25,2026-03-03,1,-90
677,reversal_core_spread_25,2026-03-04,3,260
678,reversal_core_spread_25,2026-03-06,3,-270
679,reversal_core_spread_25,2026-03-11,1,440
680,reversal_core_spread_25,2026-03-12,1,-90
681,reversal_core_spread_25,2026-03-18,2,350
682,reversal_core_spread_25,2026-03-20,1,-90
683,reversal_core_spread_25,2026-03-24,1,-90
684,reversal_core_spread_25,2026-03-25,1,-90
685,reversal_core_spread_25,2026-03-26,1,-90
686,reversal_core_spread_25,2026-03-30,2,-180
687,reversal_core_spread_25,2026-03-31,1,-90
688,reversal_core_spread_25,2026-04-07,1,440
689,reversal_core_spread_25,2026-04-14,1,440
690,reversal_core_spread_25,2026-04-16,1,-90
691,reversal_core_spread_25,2026-04-17,2,-180
692,reversal_core_spread_25,2026-04-22,3,-270
693,reversal_core_spread_25,2026-04-24,2,-180
694,reversal_core_spread_25,2026-04-28,1,-90
695,reversal_core_spread_25,2026-05-01,2,-180
696,reversal_core_spread_25,2026-05-05,1,-90
697,reversal_core_spread_25,2026-05-06,1,440
698,reversal_core_spread_25,2026-05-07,2,-180
699,reversal_core_spread_25,2026-05-08,1,-90
700,reversal_core_spread_25,2026-05-14,2,350
701,reversal_core_spread_25,2026-05-15,2,-180
702,reversal_core_spread_25,2026-05-18,1,-90
703,reversal_core_spread_25,2026-05-19,2,350
704,reversal_core_spread_25,2026-05-20,2,-180
705,reversal_core_spread_25,2026-05-21,1,-90
706,reversal_core_spread_25,2026-05-22,1,-90
707,reversal_quality_spread_20,2026-02-12,1,440
708,reversal_quality_spread_20,2026-02-16,2,880
709,reversal_quality_spread_20,2026-02-19,1,440
710,reversal_quality_spread_20,2026-02-20,1,-90
711,reversal_quality_spread_20,2026-02-23,1,440
712,reversal_quality_spread_22,2026-02-12,1,440
713,reversal_quality_spread_22,2026-02-16,2,880
714,reversal_quality_spread_22,2026-02-19,1,440
715,reversal_quality_spread_22,2026-02-20,1,-90
716,reversal_quality_spread_22,2026-02-23,1,440
717,reversal_quality_spread_22,2026-03-12,1,-90
718,reversal_quality_spread_23,2026-02-12,1,440
719,reversal_quality_spread_23,2026-02-16,2,880
720,reversal_quality_spread_23,2026-02-19,1,440
721,reversal_quality_spread_23,2026-02-20,1,-90
722,reversal_quality_spread_23,2026-02-23,1,440
723,reversal_quality_spread_23,2026-03-12,1,-90
724,reversal_quality_spread_23,2026-04-24,1,-90
725,reversal_quality_spread_23,2026-04-28,1,-90
726,reversal_quality_spread_23,2026-05-01,1,-90
727,reversal_quality_spread_23,2026-05-07,1,-90
728,reversal_quality_spread_23,2026-05-14,2,350
729,reversal_quality_spread_23,2026-05-19,1,-90
730,reversal_quality_spread_23,2026-05-20,1,-90
731,reversal_quality_spread_25,2026-02-12,1,440
732,reversal_quality_spread_25,2026-02-16,2,880
733,reversal_quality_spread_25,2026-02-19,1,440
734,reversal_quality_spread_25,2026-02-20,1,-90
735,reversal_quality_spread_25,2026-02-23,1,440
736,reversal_quality_spread_25,2026-03-12,1,-90
737,reversal_quality_spread_25,2026-04-14,1,440
738,reversal_quality_spread_25,2026-04-16,1,-90
739,reversal_quality_spread_25,2026-04-17,1,-90
740,reversal_quality_spread_25,2026-04-24,1,-90
741,reversal_quality_spread_25,2026-04-28,1,-90
742,reversal_quality_spread_25,2026-05-01,1,-90
743,reversal_quality_spread_25,2026-05-07,1,-90
744,reversal_quality_spread_25,2026-05-14,2,350
745,reversal_quality_spread_25,2026-05-19,1,-90
746,reversal_quality_spread_25,2026-05-20,1,-90
