setup_id,family,params,trades,trades_per_active_day,wins,losses,unresolved,win_rate,profit_factor,expectancy_points,total_points,max_dd_points,profit_to_dd,max_losing_streak,active_trade_days,worst_day_points,best_day_points,candidate_setup_id,candidate_family,candidate_pf,candidate_expectancy,candidate_profit_to_dd,candidate_trades,overlap_entries,overlap_handling,shared_losing_days,delta_total_points,delta_max_dd_points,delta_losing_streak,passes_core_filters
combo__failed_reversal_continuation__target-500__stop-150__horizon-15__session-NYOpen__spreadlt-20__atrgt-450__dir_prev10lt--100__body_atrgt-1p2__trend-False,combo,baseline + target=500;stop=150;horizon=15;session=NY Open;spread<=20;atr>=450;dir_prev10<=-100;body_atr>=1.2;trend=False,17,0.2328767123287671,9,8,0,0.5294117647058824,5.265822784810126,198.23529411764707,3370.0,250.0,13.48,2,11,-90.0,880.0,failed_reversal_continuation__target-500__stop-150__horizon-15__session-NYOpen__spreadlt-20__atrgt-450__dir_prev10lt--100__body_atrgt-1p2__trend-False,failed_reversal_continuation,12.25,360.0,11.25,5,5,replace,0,2250.0,-380.0,-5,True
combo__failed_reversal_continuation__target-500__stop-150__horizon-15__session-NYOpen__spreadlt-20__atrgt-450__dir_prev10lt--100__body_atrgt-None__trend-False,combo,baseline + target=500;stop=150;horizon=15;session=NY Open;spread<=20;atr>=450;dir_prev10<=-100;body_atr>=None;trend=False,17,0.2328767123287671,9,8,0,0.5294117647058824,5.265822784810126,198.23529411764707,3370.0,250.0,13.48,2,11,-90.0,880.0,failed_reversal_continuation__target-500__stop-150__horizon-15__session-NYOpen__spreadlt-20__atrgt-450__dir_prev10lt--100__body_atrgt-None__trend-False,failed_reversal_continuation,12.25,360.0,11.25,5,5,replace,0,2250.0,-380.0,-5,True
combo__failed_reversal_continuation__target-500__stop-150__horizon-30__session-NYOpen__spreadlt-20__atrgt-450__dir_prev10lt--100__body_atrgt-1p2__trend-False,combo,baseline + target=500;stop=150;horizon=30;session=NY Open;spread<=20;atr>=450;dir_prev10<=-100;body_atr>=1.2;trend=False,17,0.2328767123287671,9,8,0,0.5294117647058824,5.265822784810126,198.23529411764707,3370.0,250.0,13.48,2,11,-90.0,880.0,failed_reversal_continuation__target-500__stop-150__horizon-30__session-NYOpen__spreadlt-20__atrgt-450__dir_prev10lt--100__body_atrgt-1p2__trend-False,failed_reversal_continuation,12.25,360.0,11.25,5,5,replace,0,2250.0,-380.0,-5,True
combo__failed_reversal_continuation__target-500__stop-150__horizon-30__session-NYOpen__spreadlt-20__atrgt-450__dir_prev10lt--100__body_atrgt-None__trend-False,combo,baseline + target=500;stop=150;horizon=30;session=NY Open;spread<=20;atr>=450;dir_prev10<=-100;body_atr>=None;trend=False,17,0.2328767123287671,9,8,0,0.5294117647058824,5.265822784810126,198.23529411764707,3370.0,250.0,13.48,2,11,-90.0,880.0,failed_reversal_continuation__target-500__stop-150__horizon-30__session-NYOpen__spreadlt-20__atrgt-450__dir_prev10lt--100__body_atrgt-None__trend-False,failed_reversal_continuation,12.25,360.0,11.25,5,5,replace,0,2250.0,-380.0,-5,True
combo__failed_reversal_continuation__target-500__stop-150__horizon-45__session-NYOpen__spreadlt-20__atrgt-450__dir_prev10lt--100__body_atrgt-1p2__trend-False,combo,baseline + target=500;stop=150;horizon=45;session=NY Open;spread<=20;atr>=450;dir_prev10<=-100;body_atr>=1.2;trend=False,17,0.2328767123287671,9,8,0,0.5294117647058824,5.265822784810126,198.23529411764707,3370.0,250.0,13.48,2,11,-90.0,880.0,failed_reversal_continuation__target-500__stop-150__horizon-45__session-NYOpen__spreadlt-20__atrgt-450__dir_prev10lt--100__body_atrgt-1p2__trend-False,failed_reversal_continuation,12.25,360.0,11.25,5,5,replace,0,2250.0,-380.0,-5,True
combo__failed_reversal_continuation__target-500__stop-150__horizon-45__session-NYOpen__spreadlt-20__atrgt-450__dir_prev10lt--100__body_atrgt-None__trend-False,combo,baseline + target=500;stop=150;horizon=45;session=NY Open;spread<=20;atr>=450;dir_prev10<=-100;body_atr>=None;trend=False,17,0.2328767123287671,9,8,0,0.5294117647058824,5.265822784810126,198.23529411764707,3370.0,250.0,13.48,2,11,-90.0,880.0,failed_reversal_continuation__target-500__stop-150__horizon-45__session-NYOpen__spreadlt-20__atrgt-450__dir_prev10lt--100__body_atrgt-None__trend-False,failed_reversal_continuation,12.25,360.0,11.25,5,5,replace,0,2250.0,-380.0,-5,True
combo__failed_reversal_continuation__target-500__stop-150__horizon-60__session-NYOpen__spreadlt-20__atrgt-450__dir_prev10lt--100__body_atrgt-1p2__trend-False,combo,baseline + target=500;stop=150;horizon=60;session=NY Open;spread<=20;atr>=450;dir_prev10<=-100;body_atr>=1.2;trend=False,17,0.2328767123287671,9,8,0,0.5294117647058824,5.265822784810126,198.23529411764707,3370.0,250.0,13.48,2,11,-90.0,880.0,failed_reversal_continuation__target-500__stop-150__horizon-60__session-NYOpen__spreadlt-20__atrgt-450__dir_prev10lt--100__body_atrgt-1p2__trend-False,failed_reversal_continuation,12.25,360.0,11.25,5,5,replace,0,2250.0,-380.0,-5,True
combo__failed_reversal_continuation__target-500__stop-150__horizon-60__session-NYOpen__spreadlt-20__atrgt-450__dir_prev10lt--100__body_atrgt-None__trend-False,combo,baseline + target=500;stop=150;horizon=60;session=NY Open;spread<=20;atr>=450;dir_prev10<=-100;body_atr>=None;trend=False,17,0.2328767123287671,9,8,0,0.5294117647058824,5.265822784810126,198.23529411764707,3370.0,250.0,13.48,2,11,-90.0,880.0,failed_reversal_continuation__target-500__stop-150__horizon-60__session-NYOpen__spreadlt-20__atrgt-450__dir_prev10lt--100__body_atrgt-None__trend-False,failed_reversal_continuation,12.25,360.0,11.25,5,5,replace,0,2250.0,-380.0,-5,True
combo__failed_reversal_continuation__target-400__stop-150__horizon-15__session-NYOpen__spreadlt-20__atrgt-450__dir_prev10lt--100__body_atrgt-1p2__trend-False,combo,baseline + target=400;stop=150;horizon=15;session=NY Open;spread<=20;atr>=450;dir_prev10<=-100;body_atr>=1.2;trend=False,17,0.2328767123287671,9,8,0,0.5294117647058824,4.7594936708860756,174.7058823529412,2970.0,250.0,11.88,2,11,-90.0,880.0,failed_reversal_continuation__target-400__stop-150__horizon-15__session-NYOpen__spreadlt-20__atrgt-450__dir_prev10lt--100__body_atrgt-1p2__trend-False,failed_reversal_continuation,9.75,280.0,8.75,5,5,replace,0,1850.0,-380.0,-5,True
combo__failed_reversal_continuation__target-400__stop-150__horizon-15__session-NYOpen__spreadlt-20__atrgt-450__dir_prev10lt--100__body_atrgt-None__trend-False,combo,baseline + target=400;stop=150;horizon=15;session=NY Open;spread<=20;atr>=450;dir_prev10<=-100;body_atr>=None;trend=False,17,0.2328767123287671,9,8,0,0.5294117647058824,4.7594936708860756,174.7058823529412,2970.0,250.0,11.88,2,11,-90.0,880.0,failed_reversal_continuation__target-400__stop-150__horizon-15__session-NYOpen__spreadlt-20__atrgt-450__dir_prev10lt--100__body_atrgt-None__trend-False,failed_reversal_continuation,9.75,280.0,8.75,5,5,replace,0,1850.0,-380.0,-5,True
combo__failed_reversal_continuation__target-400__stop-150__horizon-30__session-NYOpen__spreadlt-20__atrgt-450__dir_prev10lt--100__body_atrgt-1p2__trend-False,combo,baseline + target=400;stop=150;horizon=30;session=NY Open;spread<=20;atr>=450;dir_prev10<=-100;body_atr>=1.2;trend=False,17,0.2328767123287671,9,8,0,0.5294117647058824,4.7594936708860756,174.7058823529412,2970.0,250.0,11.88,2,11,-90.0,880.0,failed_reversal_continuation__target-400__stop-150__horizon-30__session-NYOpen__spreadlt-20__atrgt-450__dir_prev10lt--100__body_atrgt-1p2__trend-False,failed_reversal_continuation,9.75,280.0,8.75,5,5,replace,0,1850.0,-380.0,-5,True
combo__failed_reversal_continuation__target-400__stop-150__horizon-30__session-NYOpen__spreadlt-20__atrgt-450__dir_prev10lt--100__body_atrgt-None__trend-False,combo,baseline + target=400;stop=150;horizon=30;session=NY Open;spread<=20;atr>=450;dir_prev10<=-100;body_atr>=None;trend=False,17,0.2328767123287671,9,8,0,0.5294117647058824,4.7594936708860756,174.7058823529412,2970.0,250.0,11.88,2,11,-90.0,880.0,failed_reversal_continuation__target-400__stop-150__horizon-30__session-NYOpen__spreadlt-20__atrgt-450__dir_prev10lt--100__body_atrgt-None__trend-False,failed_reversal_continuation,9.75,280.0,8.75,5,5,replace,0,1850.0,-380.0,-5,True
combo__failed_reversal_continuation__target-400__stop-150__horizon-45__session-NYOpen__spreadlt-20__atrgt-450__dir_prev10lt--100__body_atrgt-1p2__trend-False,combo,baseline + target=400;stop=150;horizon=45;session=NY Open;spread<=20;atr>=450;dir_prev10<=-100;body_atr>=1.2;trend=False,17,0.2328767123287671,9,8,0,0.5294117647058824,4.7594936708860756,174.7058823529412,2970.0,250.0,11.88,2,11,-90.0,880.0,failed_reversal_continuation__target-400__stop-150__horizon-45__session-NYOpen__spreadlt-20__atrgt-450__dir_prev10lt--100__body_atrgt-1p2__trend-False,failed_reversal_continuation,9.75,280.0,8.75,5,5,replace,0,1850.0,-380.0,-5,True
combo__failed_reversal_continuation__target-400__stop-150__horizon-45__session-NYOpen__spreadlt-20__atrgt-450__dir_prev10lt--100__body_atrgt-None__trend-False,combo,baseline + target=400;stop=150;horizon=45;session=NY Open;spread<=20;atr>=450;dir_prev10<=-100;body_atr>=None;trend=False,17,0.2328767123287671,9,8,0,0.5294117647058824,4.7594936708860756,174.7058823529412,2970.0,250.0,11.88,2,11,-90.0,880.0,failed_reversal_continuation__target-400__stop-150__horizon-45__session-NYOpen__spreadlt-20__atrgt-450__dir_prev10lt--100__body_atrgt-None__trend-False,failed_reversal_continuation,9.75,280.0,8.75,5,5,replace,0,1850.0,-380.0,-5,True
combo__failed_reversal_continuation__target-400__stop-150__horizon-60__session-NYOpen__spreadlt-20__atrgt-450__dir_prev10lt--100__body_atrgt-1p2__trend-False,combo,baseline + target=400;stop=150;horizon=60;session=NY Open;spread<=20;atr>=450;dir_prev10<=-100;body_atr>=1.2;trend=False,17,0.2328767123287671,9,8,0,0.5294117647058824,4.7594936708860756,174.7058823529412,2970.0,250.0,11.88,2,11,-90.0,880.0,failed_reversal_continuation__target-400__stop-150__horizon-60__session-NYOpen__spreadlt-20__atrgt-450__dir_prev10lt--100__body_atrgt-1p2__trend-False,failed_reversal_continuation,9.75,280.0,8.75,5,5,replace,0,1850.0,-380.0,-5,True
combo__failed_reversal_continuation__target-400__stop-150__horizon-60__session-NYOpen__spreadlt-20__atrgt-450__dir_prev10lt--100__body_atrgt-None__trend-False,combo,baseline + target=400;stop=150;horizon=60;session=NY Open;spread<=20;atr>=450;dir_prev10<=-100;body_atr>=None;trend=False,17,0.2328767123287671,9,8,0,0.5294117647058824,4.7594936708860756,174.7058823529412,2970.0,250.0,11.88,2,11,-90.0,880.0,failed_reversal_continuation__target-400__stop-150__horizon-60__session-NYOpen__spreadlt-20__atrgt-450__dir_prev10lt--100__body_atrgt-None__trend-False,failed_reversal_continuation,9.75,280.0,8.75,5,5,replace,0,1850.0,-380.0,-5,True
combo__failed_reversal_continuation__target-350__stop-150__horizon-15__session-NYOpen__spreadlt-20__atrgt-450__dir_prev10lt--100__body_atrgt-1p2__trend-False,combo,baseline + target=350;stop=150;horizon=15;session=NY Open;spread<=20;atr>=450;dir_prev10<=-100;body_atr>=1.2;trend=False,17,0.2328767123287671,9,8,0,0.5294117647058824,4.506329113924051,162.94117647058823,2770.0,250.0,11.08,2,11,-90.0,880.0,failed_reversal_continuation__target-350__stop-150__horizon-15__session-NYOpen__spreadlt-20__atrgt-450__dir_prev10lt--100__body_atrgt-1p2__trend-False,failed_reversal_continuation,8.5,240.0,7.5,5,5,replace,0,1650.0,-380.0,-5,True
combo__failed_reversal_continuation__target-350__stop-150__horizon-15__session-NYOpen__spreadlt-20__atrgt-450__dir_prev10lt--100__body_atrgt-None__trend-False,combo,baseline + target=350;stop=150;horizon=15;session=NY Open;spread<=20;atr>=450;dir_prev10<=-100;body_atr>=None;trend=False,17,0.2328767123287671,9,8,0,0.5294117647058824,4.506329113924051,162.94117647058823,2770.0,250.0,11.08,2,11,-90.0,880.0,failed_reversal_continuation__target-350__stop-150__horizon-15__session-NYOpen__spreadlt-20__atrgt-450__dir_prev10lt--100__body_atrgt-None__trend-False,failed_reversal_continuation,8.5,240.0,7.5,5,5,replace,0,1650.0,-380.0,-5,True
combo__failed_reversal_continuation__target-350__stop-150__horizon-30__session-NYOpen__spreadlt-20__atrgt-450__dir_prev10lt--100__body_atrgt-1p2__trend-False,combo,baseline + target=350;stop=150;horizon=30;session=NY Open;spread<=20;atr>=450;dir_prev10<=-100;body_atr>=1.2;trend=False,17,0.2328767123287671,9,8,0,0.5294117647058824,4.506329113924051,162.94117647058823,2770.0,250.0,11.08,2,11,-90.0,880.0,failed_reversal_continuation__target-350__stop-150__horizon-30__session-NYOpen__spreadlt-20__atrgt-450__dir_prev10lt--100__body_atrgt-1p2__trend-False,failed_reversal_continuation,8.5,240.0,7.5,5,5,replace,0,1650.0,-380.0,-5,True
combo__failed_reversal_continuation__target-350__stop-150__horizon-30__session-NYOpen__spreadlt-20__atrgt-450__dir_prev10lt--100__body_atrgt-None__trend-False,combo,baseline + target=350;stop=150;horizon=30;session=NY Open;spread<=20;atr>=450;dir_prev10<=-100;body_atr>=None;trend=False,17,0.2328767123287671,9,8,0,0.5294117647058824,4.506329113924051,162.94117647058823,2770.0,250.0,11.08,2,11,-90.0,880.0,failed_reversal_continuation__target-350__stop-150__horizon-30__session-NYOpen__spreadlt-20__atrgt-450__dir_prev10lt--100__body_atrgt-None__trend-False,failed_reversal_continuation,8.5,240.0,7.5,5,5,replace,0,1650.0,-380.0,-5,True
combo__failed_reversal_continuation__target-350__stop-150__horizon-45__session-NYOpen__spreadlt-20__atrgt-450__dir_prev10lt--100__body_atrgt-1p2__trend-False,combo,baseline + target=350;stop=150;horizon=45;session=NY Open;spread<=20;atr>=450;dir_prev10<=-100;body_atr>=1.2;trend=False,17,0.2328767123287671,9,8,0,0.5294117647058824,4.506329113924051,162.94117647058823,2770.0,250.0,11.08,2,11,-90.0,880.0,failed_reversal_continuation__target-350__stop-150__horizon-45__session-NYOpen__spreadlt-20__atrgt-450__dir_prev10lt--100__body_atrgt-1p2__trend-False,failed_reversal_continuation,8.5,240.0,7.5,5,5,replace,0,1650.0,-380.0,-5,True
combo__failed_reversal_continuation__target-350__stop-150__horizon-45__session-NYOpen__spreadlt-20__atrgt-450__dir_prev10lt--100__body_atrgt-None__trend-False,combo,baseline + target=350;stop=150;horizon=45;session=NY Open;spread<=20;atr>=450;dir_prev10<=-100;body_atr>=None;trend=False,17,0.2328767123287671,9,8,0,0.5294117647058824,4.506329113924051,162.94117647058823,2770.0,250.0,11.08,2,11,-90.0,880.0,failed_reversal_continuation__target-350__stop-150__horizon-45__session-NYOpen__spreadlt-20__atrgt-450__dir_prev10lt--100__body_atrgt-None__trend-False,failed_reversal_continuation,8.5,240.0,7.5,5,5,replace,0,1650.0,-380.0,-5,True
combo__failed_reversal_continuation__target-500__stop-200__horizon-15__session-NYOpen__spreadlt-20__atrgt-450__dir_prev10lt--100__body_atrgt-1p2__trend-False,combo,baseline + target=500;stop=200;horizon=15;session=NY Open;spread<=20;atr>=450;dir_prev10<=-100;body_atr>=1.2;trend=False,17,0.2328767123287671,9,8,0,0.5294117647058824,4.9523809523809526,195.2941176470588,3320.0,300.0,11.066666666666666,2,11,-90.0,880.0,failed_reversal_continuation__target-500__stop-200__horizon-15__session-NYOpen__spreadlt-20__atrgt-450__dir_prev10lt--100__body_atrgt-1p2__trend-False,failed_reversal_continuation,9.333333333333334,350.0,8.333333333333334,5,5,replace,0,2200.0,-330.0,-5,True
combo__failed_reversal_continuation__target-500__stop-200__horizon-15__session-NYOpen__spreadlt-20__atrgt-450__dir_prev10lt--100__body_atrgt-None__trend-False,combo,baseline + target=500;stop=200;horizon=15;session=NY Open;spread<=20;atr>=450;dir_prev10<=-100;body_atr>=None;trend=False,17,0.2328767123287671,9,8,0,0.5294117647058824,4.9523809523809526,195.2941176470588,3320.0,300.0,11.066666666666666,2,11,-90.0,880.0,failed_reversal_continuation__target-500__stop-200__horizon-15__session-NYOpen__spreadlt-20__atrgt-450__dir_prev10lt--100__body_atrgt-None__trend-False,failed_reversal_continuation,9.333333333333334,350.0,8.333333333333334,5,5,replace,0,2200.0,-330.0,-5,True
combo__failed_reversal_continuation__target-500__stop-200__horizon-30__session-NYOpen__spreadlt-20__atrgt-450__dir_prev10lt--100__body_atrgt-1p2__trend-False,combo,baseline + target=500;stop=200;horizon=30;session=NY Open;spread<=20;atr>=450;dir_prev10<=-100;body_atr>=1.2;trend=False,17,0.2328767123287671,9,8,0,0.5294117647058824,4.9523809523809526,195.2941176470588,3320.0,300.0,11.066666666666666,2,11,-90.0,880.0,failed_reversal_continuation__target-500__stop-200__horizon-30__session-NYOpen__spreadlt-20__atrgt-450__dir_prev10lt--100__body_atrgt-1p2__trend-False,failed_reversal_continuation,9.333333333333334,350.0,8.333333333333334,5,5,replace,0,2200.0,-330.0,-5,True
combo__failed_reversal_continuation__target-500__stop-200__horizon-30__session-NYOpen__spreadlt-20__atrgt-450__dir_prev10lt--100__body_atrgt-None__trend-False,combo,baseline + target=500;stop=200;horizon=30;session=NY Open;spread<=20;atr>=450;dir_prev10<=-100;body_atr>=None;trend=False,17,0.2328767123287671,9,8,0,0.5294117647058824,4.9523809523809526,195.2941176470588,3320.0,300.0,11.066666666666666,2,11,-90.0,880.0,failed_reversal_continuation__target-500__stop-200__horizon-30__session-NYOpen__spreadlt-20__atrgt-450__dir_prev10lt--100__body_atrgt-None__trend-False,failed_reversal_continuation,9.333333333333334,350.0,8.333333333333334,5,5,replace,0,2200.0,-330.0,-5,True
combo__failed_reversal_continuation__target-500__stop-200__horizon-45__session-NYOpen__spreadlt-20__atrgt-450__dir_prev10lt--100__body_atrgt-1p2__trend-False,combo,baseline + target=500;stop=200;horizon=45;session=NY Open;spread<=20;atr>=450;dir_prev10<=-100;body_atr>=1.2;trend=False,17,0.2328767123287671,9,8,0,0.5294117647058824,4.9523809523809526,195.2941176470588,3320.0,300.0,11.066666666666666,2,11,-90.0,880.0,failed_reversal_continuation__target-500__stop-200__horizon-45__session-NYOpen__spreadlt-20__atrgt-450__dir_prev10lt--100__body_atrgt-1p2__trend-False,failed_reversal_continuation,9.333333333333334,350.0,8.333333333333334,5,5,replace,0,2200.0,-330.0,-5,True
combo__failed_reversal_continuation__target-500__stop-200__horizon-45__session-NYOpen__spreadlt-20__atrgt-450__dir_prev10lt--100__body_atrgt-None__trend-False,combo,baseline + target=500;stop=200;horizon=45;session=NY Open;spread<=20;atr>=450;dir_prev10<=-100;body_atr>=None;trend=False,17,0.2328767123287671,9,8,0,0.5294117647058824,4.9523809523809526,195.2941176470588,3320.0,300.0,11.066666666666666,2,11,-90.0,880.0,failed_reversal_continuation__target-500__stop-200__horizon-45__session-NYOpen__spreadlt-20__atrgt-450__dir_prev10lt--100__body_atrgt-None__trend-False,failed_reversal_continuation,9.333333333333334,350.0,8.333333333333334,5,5,replace,0,2200.0,-330.0,-5,True
combo__failed_reversal_continuation__target-500__stop-200__horizon-60__session-NYOpen__spreadlt-20__atrgt-450__dir_prev10lt--100__body_atrgt-1p2__trend-False,combo,baseline + target=500;stop=200;horizon=60;session=NY Open;spread<=20;atr>=450;dir_prev10<=-100;body_atr>=1.2;trend=False,17,0.2328767123287671,9,8,0,0.5294117647058824,4.9523809523809526,195.2941176470588,3320.0,300.0,11.066666666666666,2,11,-90.0,880.0,failed_reversal_continuation__target-500__stop-200__horizon-60__session-NYOpen__spreadlt-20__atrgt-450__dir_prev10lt--100__body_atrgt-1p2__trend-False,failed_reversal_continuation,9.333333333333334,350.0,8.333333333333334,5,5,replace,0,2200.0,-330.0,-5,True
combo__failed_reversal_continuation__target-500__stop-200__horizon-60__session-NYOpen__spreadlt-20__atrgt-450__dir_prev10lt--100__body_atrgt-None__trend-False,combo,baseline + target=500;stop=200;horizon=60;session=NY Open;spread<=20;atr>=450;dir_prev10<=-100;body_atr>=None;trend=False,17,0.2328767123287671,9,8,0,0.5294117647058824,4.9523809523809526,195.2941176470588,3320.0,300.0,11.066666666666666,2,11,-90.0,880.0,failed_reversal_continuation__target-500__stop-200__horizon-60__session-NYOpen__spreadlt-20__atrgt-450__dir_prev10lt--100__body_atrgt-None__trend-False,failed_reversal_continuation,9.333333333333334,350.0,8.333333333333334,5,5,replace,0,2200.0,-330.0,-5,True
combo__displacement_retrace__target-500__stop-60__horizon-15__session-NYOpen__spreadlt-20__retrace-0p5__timeout-10__atrlt-450__dir_prev10gt-500,combo,baseline + target=500;stop=60;horizon=15;session=NY Open;spread<=20;retrace=0.5;timeout=10;atr<=450;dir_prev10>-500,22,0.3013698630136986,7,15,0,0.3181818181818182,2.4651162790697674,85.9090909090909,1890.0,520.0,3.6346153846153846,6,11,-250.0,880.0,displacement_retrace__target-500__stop-60__horizon-15__session-NYOpen__spreadlt-20__retrace-0p5__timeout-10__atrlt-450__dir_prev10gt-500,displacement_retrace,4.666666666666667,154.0,5.5,5,0,add,2,770.0,-110.0,-1,False
combo__displacement_retrace__target-500__stop-60__horizon-15__session-NYOpen__spreadlt-20__retrace-0p5__timeout-10__atrlt-450__dir_prev10gtNone,combo,baseline + target=500;stop=60;horizon=15;session=NY Open;spread<=20;retrace=0.5;timeout=10;atr<=450;dir_prev10>None,22,0.3013698630136986,7,15,0,0.3181818181818182,2.4651162790697674,85.9090909090909,1890.0,520.0,3.6346153846153846,6,11,-250.0,880.0,displacement_retrace__target-500__stop-60__horizon-15__session-NYOpen__spreadlt-20__retrace-0p5__timeout-10__atrlt-450__dir_prev10gtNone,displacement_retrace,4.666666666666667,154.0,5.5,5,0,add,2,770.0,-110.0,-1,False
combo__displacement_retrace__target-500__stop-60__horizon-30__session-NYOpen__spreadlt-20__retrace-0p5__timeout-10__atrlt-450__dir_prev10gt-500,combo,baseline + target=500;stop=60;horizon=30;session=NY Open;spread<=20;retrace=0.5;timeout=10;atr<=450;dir_prev10>-500,22,0.3013698630136986,7,15,0,0.3181818181818182,2.4651162790697674,85.9090909090909,1890.0,520.0,3.6346153846153846,6,11,-250.0,880.0,displacement_retrace__target-500__stop-60__horizon-30__session-NYOpen__spreadlt-20__retrace-0p5__timeout-10__atrlt-450__dir_prev10gt-500,displacement_retrace,4.666666666666667,154.0,5.5,5,0,add,2,770.0,-110.0,-1,False
combo__displacement_retrace__target-500__stop-60__horizon-30__session-NYOpen__spreadlt-20__retrace-0p5__timeout-10__atrlt-450__dir_prev10gtNone,combo,baseline + target=500;stop=60;horizon=30;session=NY Open;spread<=20;retrace=0.5;timeout=10;atr<=450;dir_prev10>None,22,0.3013698630136986,7,15,0,0.3181818181818182,2.4651162790697674,85.9090909090909,1890.0,520.0,3.6346153846153846,6,11,-250.0,880.0,displacement_retrace__target-500__stop-60__horizon-30__session-NYOpen__spreadlt-20__retrace-0p5__timeout-10__atrlt-450__dir_prev10gtNone,displacement_retrace,4.666666666666667,154.0,5.5,5,0,add,2,770.0,-110.0,-1,False
combo__displacement_retrace__target-500__stop-60__horizon-45__session-NYOpen__spreadlt-20__retrace-0p5__timeout-10__atrlt-450__dir_prev10gt-500,combo,baseline + target=500;stop=60;horizon=45;session=NY Open;spread<=20;retrace=0.5;timeout=10;atr<=450;dir_prev10>-500,22,0.3013698630136986,7,15,0,0.3181818181818182,2.4651162790697674,85.9090909090909,1890.0,520.0,3.6346153846153846,6,11,-250.0,880.0,displacement_retrace__target-500__stop-60__horizon-45__session-NYOpen__spreadlt-20__retrace-0p5__timeout-10__atrlt-450__dir_prev10gt-500,displacement_retrace,4.666666666666667,154.0,5.5,5,0,add,2,770.0,-110.0,-1,False
combo__displacement_retrace__target-500__stop-60__horizon-45__session-NYOpen__spreadlt-20__retrace-0p5__timeout-10__atrlt-450__dir_prev10gtNone,combo,baseline + target=500;stop=60;horizon=45;session=NY Open;spread<=20;retrace=0.5;timeout=10;atr<=450;dir_prev10>None,22,0.3013698630136986,7,15,0,0.3181818181818182,2.4651162790697674,85.9090909090909,1890.0,520.0,3.6346153846153846,6,11,-250.0,880.0,displacement_retrace__target-500__stop-60__horizon-45__session-NYOpen__spreadlt-20__retrace-0p5__timeout-10__atrlt-450__dir_prev10gtNone,displacement_retrace,4.666666666666667,154.0,5.5,5,0,add,2,770.0,-110.0,-1,False
combo__ict_london_reversal__target-450__stop-80__horizon-10__session-LondonOpen__spreadlt-20__atrlt-279__dir_prev10gtNone__bodylt-450,combo,baseline + target=450;stop=80;horizon=10;session=London Open;spread<=20;atr<=279;dir_prev10>None;body<=450,23,0.3150684931506849,8,15,0,0.34782608695652173,2.6074074074074076,94.34782608695652,2170.0,630.0,3.4444444444444446,7,11,-450.0,1320.0,ict_london_reversal__target-450__stop-80__horizon-10__session-LondonOpen__spreadlt-20__atrlt-279__dir_prev10gtNone__bodylt-450,ict_london_reversal,4.888888888888889,175.0,3.888888888888889,6,0,add,1,1050.0,0.0,0,False
combo__ict_london_reversal__target-450__stop-80__horizon-15__session-LondonOpen__spreadlt-20__atrlt-279__dir_prev10gtNone__bodylt-450,combo,baseline + target=450;stop=80;horizon=15;session=London Open;spread<=20;atr<=279;dir_prev10>None;body<=450,23,0.3150684931506849,8,15,0,0.34782608695652173,2.6074074074074076,94.34782608695652,2170.0,630.0,3.4444444444444446,7,11,-450.0,1320.0,ict_london_reversal__target-450__stop-80__horizon-15__session-LondonOpen__spreadlt-20__atrlt-279__dir_prev10gtNone__bodylt-450,ict_london_reversal,4.888888888888889,175.0,3.888888888888889,6,0,add,1,1050.0,0.0,0,False
combo__ict_london_reversal__target-450__stop-80__horizon-30__session-LondonOpen__spreadlt-20__atrlt-279__dir_prev10gtNone__bodylt-450,combo,baseline + target=450;stop=80;horizon=30;session=London Open;spread<=20;atr<=279;dir_prev10>None;body<=450,23,0.3150684931506849,8,15,0,0.34782608695652173,2.6074074074074076,94.34782608695652,2170.0,630.0,3.4444444444444446,7,11,-450.0,1320.0,ict_london_reversal__target-450__stop-80__horizon-30__session-LondonOpen__spreadlt-20__atrlt-279__dir_prev10gtNone__bodylt-450,ict_london_reversal,4.888888888888889,175.0,3.888888888888889,6,0,add,1,1050.0,0.0,0,False
combo__displacement_retrace__target-450__stop-60__horizon-15__session-NYOpen__spreadlt-20__retrace-0p5__timeout-10__atrlt-450__dir_prev10gt-500,combo,baseline + target=450;stop=60;horizon=15;session=NY Open;spread<=20;retrace=0.5;timeout=10;atr<=450;dir_prev10>-500,22,0.3013698630136986,7,15,0,0.3181818181818182,2.387596899224806,81.36363636363636,1790.0,520.0,3.4423076923076925,6,11,-250.0,880.0,displacement_retrace__target-450__stop-60__horizon-15__session-NYOpen__spreadlt-20__retrace-0p5__timeout-10__atrlt-450__dir_prev10gt-500,displacement_retrace,4.190476190476191,134.0,4.785714285714286,5,0,add,2,670.0,-110.0,-1,False
combo__displacement_retrace__target-450__stop-60__horizon-15__session-NYOpen__spreadlt-20__retrace-0p5__timeout-10__atrlt-450__dir_prev10gtNone,combo,baseline + target=450;stop=60;horizon=15;session=NY Open;spread<=20;retrace=0.5;timeout=10;atr<=450;dir_prev10>None,22,0.3013698630136986,7,15,0,0.3181818181818182,2.387596899224806,81.36363636363636,1790.0,520.0,3.4423076923076925,6,11,-250.0,880.0,displacement_retrace__target-450__stop-60__horizon-15__session-NYOpen__spreadlt-20__retrace-0p5__timeout-10__atrlt-450__dir_prev10gtNone,displacement_retrace,4.190476190476191,134.0,4.785714285714286,5,0,add,2,670.0,-110.0,-1,False
combo__displacement_retrace__target-450__stop-60__horizon-30__session-NYOpen__spreadlt-20__retrace-0p5__timeout-10__atrlt-450__dir_prev10gt-500,combo,baseline + target=450;stop=60;horizon=30;session=NY Open;spread<=20;retrace=0.5;timeout=10;atr<=450;dir_prev10>-500,22,0.3013698630136986,7,15,0,0.3181818181818182,2.387596899224806,81.36363636363636,1790.0,520.0,3.4423076923076925,6,11,-250.0,880.0,displacement_retrace__target-450__stop-60__horizon-30__session-NYOpen__spreadlt-20__retrace-0p5__timeout-10__atrlt-450__dir_prev10gt-500,displacement_retrace,4.190476190476191,134.0,4.785714285714286,5,0,add,2,670.0,-110.0,-1,False
combo__displacement_retrace__target-450__stop-60__horizon-30__session-NYOpen__spreadlt-20__retrace-0p5__timeout-10__atrlt-450__dir_prev10gtNone,combo,baseline + target=450;stop=60;horizon=30;session=NY Open;spread<=20;retrace=0.5;timeout=10;atr<=450;dir_prev10>None,22,0.3013698630136986,7,15,0,0.3181818181818182,2.387596899224806,81.36363636363636,1790.0,520.0,3.4423076923076925,6,11,-250.0,880.0,displacement_retrace__target-450__stop-60__horizon-30__session-NYOpen__spreadlt-20__retrace-0p5__timeout-10__atrlt-450__dir_prev10gtNone,displacement_retrace,4.190476190476191,134.0,4.785714285714286,5,0,add,2,670.0,-110.0,-1,False
combo__displacement_retrace__target-450__stop-60__horizon-45__session-NYOpen__spreadlt-20__retrace-0p5__timeout-10__atrlt-450__dir_prev10gt-500,combo,baseline + target=450;stop=60;horizon=45;session=NY Open;spread<=20;retrace=0.5;timeout=10;atr<=450;dir_prev10>-500,22,0.3013698630136986,7,15,0,0.3181818181818182,2.387596899224806,81.36363636363636,1790.0,520.0,3.4423076923076925,6,11,-250.0,880.0,displacement_retrace__target-450__stop-60__horizon-45__session-NYOpen__spreadlt-20__retrace-0p5__timeout-10__atrlt-450__dir_prev10gt-500,displacement_retrace,4.190476190476191,134.0,4.785714285714286,5,0,add,2,670.0,-110.0,-1,False
combo__displacement_retrace__target-450__stop-60__horizon-45__session-NYOpen__spreadlt-20__retrace-0p5__timeout-10__atrlt-450__dir_prev10gtNone,combo,baseline + target=450;stop=60;horizon=45;session=NY Open;spread<=20;retrace=0.5;timeout=10;atr<=450;dir_prev10>None,22,0.3013698630136986,7,15,0,0.3181818181818182,2.387596899224806,81.36363636363636,1790.0,520.0,3.4423076923076925,6,11,-250.0,880.0,displacement_retrace__target-450__stop-60__horizon-45__session-NYOpen__spreadlt-20__retrace-0p5__timeout-10__atrlt-450__dir_prev10gtNone,displacement_retrace,4.190476190476191,134.0,4.785714285714286,5,0,add,2,670.0,-110.0,-1,False
combo__displacement_retrace__target-500__stop-80__horizon-15__session-NYOpen__spreadlt-20__retrace-0p5__timeout-10__atrlt-450__dir_prev10gt-500,combo,baseline + target=500;stop=80;horizon=15;session=NY Open;spread<=20;retrace=0.5;timeout=10;atr<=450;dir_prev10>-500,22,0.3013698630136986,7,15,0,0.3181818181818182,2.3555555555555556,83.18181818181819,1830.0,540.0,3.388888888888889,6,11,-270.0,880.0,displacement_retrace__target-500__stop-80__horizon-15__session-NYOpen__spreadlt-20__retrace-0p5__timeout-10__atrlt-450__dir_prev10gt-500,displacement_retrace,3.6296296296296298,142.0,3.9444444444444446,5,0,add,2,710.0,-90.0,-1,False
combo__displacement_retrace__target-500__stop-80__horizon-15__session-NYOpen__spreadlt-20__retrace-0p5__timeout-10__atrlt-450__dir_prev10gtNone,combo,baseline + target=500;stop=80;horizon=15;session=NY Open;spread<=20;retrace=0.5;timeout=10;atr<=450;dir_prev10>None,22,0.3013698630136986,7,15,0,0.3181818181818182,2.3555555555555556,83.18181818181819,1830.0,540.0,3.388888888888889,6,11,-270.0,880.0,displacement_retrace__target-500__stop-80__horizon-15__session-NYOpen__spreadlt-20__retrace-0p5__timeout-10__atrlt-450__dir_prev10gtNone,displacement_retrace,3.6296296296296298,142.0,3.9444444444444446,5,0,add,2,710.0,-90.0,-1,False
combo__displacement_retrace__target-500__stop-80__horizon-30__session-NYOpen__spreadlt-20__retrace-0p5__timeout-10__atrlt-450__dir_prev10gt-500,combo,baseline + target=500;stop=80;horizon=30;session=NY Open;spread<=20;retrace=0.5;timeout=10;atr<=450;dir_prev10>-500,22,0.3013698630136986,7,15,0,0.3181818181818182,2.3555555555555556,83.18181818181819,1830.0,540.0,3.388888888888889,6,11,-270.0,880.0,displacement_retrace__target-500__stop-80__horizon-30__session-NYOpen__spreadlt-20__retrace-0p5__timeout-10__atrlt-450__dir_prev10gt-500,displacement_retrace,3.6296296296296298,142.0,3.9444444444444446,5,0,add,2,710.0,-90.0,-1,False
combo__displacement_retrace__target-500__stop-80__horizon-30__session-NYOpen__spreadlt-20__retrace-0p5__timeout-10__atrlt-450__dir_prev10gtNone,combo,baseline + target=500;stop=80;horizon=30;session=NY Open;spread<=20;retrace=0.5;timeout=10;atr<=450;dir_prev10>None,22,0.3013698630136986,7,15,0,0.3181818181818182,2.3555555555555556,83.18181818181819,1830.0,540.0,3.388888888888889,6,11,-270.0,880.0,displacement_retrace__target-500__stop-80__horizon-30__session-NYOpen__spreadlt-20__retrace-0p5__timeout-10__atrlt-450__dir_prev10gtNone,displacement_retrace,3.6296296296296298,142.0,3.9444444444444446,5,0,add,2,710.0,-90.0,-1,False
combo__displacement_retrace__target-500__stop-80__horizon-45__session-NYOpen__spreadlt-20__retrace-0p5__timeout-10__atrlt-450__dir_prev10gt-500,combo,baseline + target=500;stop=80;horizon=45;session=NY Open;spread<=20;retrace=0.5;timeout=10;atr<=450;dir_prev10>-500,22,0.3013698630136986,7,15,0,0.3181818181818182,2.3555555555555556,83.18181818181819,1830.0,540.0,3.388888888888889,6,11,-270.0,880.0,displacement_retrace__target-500__stop-80__horizon-45__session-NYOpen__spreadlt-20__retrace-0p5__timeout-10__atrlt-450__dir_prev10gt-500,displacement_retrace,3.6296296296296298,142.0,3.9444444444444446,5,0,add,2,710.0,-90.0,-1,False
combo__displacement_retrace__target-500__stop-80__horizon-45__session-NYOpen__spreadlt-20__retrace-0p5__timeout-10__atrlt-450__dir_prev10gtNone,combo,baseline + target=500;stop=80;horizon=45;session=NY Open;spread<=20;retrace=0.5;timeout=10;atr<=450;dir_prev10>None,22,0.3013698630136986,7,15,0,0.3181818181818182,2.3555555555555556,83.18181818181819,1830.0,540.0,3.388888888888889,6,11,-270.0,880.0,displacement_retrace__target-500__stop-80__horizon-45__session-NYOpen__spreadlt-20__retrace-0p5__timeout-10__atrlt-450__dir_prev10gtNone,displacement_retrace,3.6296296296296298,142.0,3.9444444444444446,5,0,add,2,710.0,-90.0,-1,False
combo__displacement_retrace__target-400__stop-60__horizon-15__session-NYOpen__spreadlt-20__retrace-0p5__timeout-10__atrlt-450__dir_prev10gt-500,combo,baseline + target=400;stop=60;horizon=15;session=NY Open;spread<=20;retrace=0.5;timeout=10;atr<=450;dir_prev10>-500,22,0.3013698630136986,7,15,0,0.3181818181818182,2.310077519379845,76.81818181818181,1690.0,520.0,3.25,6,11,-250.0,880.0,displacement_retrace__target-400__stop-60__horizon-15__session-NYOpen__spreadlt-20__retrace-0p5__timeout-10__atrlt-450__dir_prev10gt-500,displacement_retrace,3.7142857142857144,114.0,4.071428571428571,5,0,add,2,570.0,-110.0,-1,False
combo__displacement_retrace__target-400__stop-60__horizon-15__session-NYOpen__spreadlt-20__retrace-0p5__timeout-10__atrlt-450__dir_prev10gtNone,combo,baseline + target=400;stop=60;horizon=15;session=NY Open;spread<=20;retrace=0.5;timeout=10;atr<=450;dir_prev10>None,22,0.3013698630136986,7,15,0,0.3181818181818182,2.310077519379845,76.81818181818181,1690.0,520.0,3.25,6,11,-250.0,880.0,displacement_retrace__target-400__stop-60__horizon-15__session-NYOpen__spreadlt-20__retrace-0p5__timeout-10__atrlt-450__dir_prev10gtNone,displacement_retrace,3.7142857142857144,114.0,4.071428571428571,5,0,add,2,570.0,-110.0,-1,False
combo__displacement_retrace__target-400__stop-60__horizon-30__session-NYOpen__spreadlt-20__retrace-0p5__timeout-10__atrlt-450__dir_prev10gt-500,combo,baseline + target=400;stop=60;horizon=30;session=NY Open;spread<=20;retrace=0.5;timeout=10;atr<=450;dir_prev10>-500,22,0.3013698630136986,7,15,0,0.3181818181818182,2.310077519379845,76.81818181818181,1690.0,520.0,3.25,6,11,-250.0,880.0,displacement_retrace__target-400__stop-60__horizon-30__session-NYOpen__spreadlt-20__retrace-0p5__timeout-10__atrlt-450__dir_prev10gt-500,displacement_retrace,3.7142857142857144,114.0,4.071428571428571,5,0,add,2,570.0,-110.0,-1,False
combo__displacement_retrace__target-400__stop-60__horizon-30__session-NYOpen__spreadlt-20__retrace-0p5__timeout-10__atrlt-450__dir_prev10gtNone,combo,baseline + target=400;stop=60;horizon=30;session=NY Open;spread<=20;retrace=0.5;timeout=10;atr<=450;dir_prev10>None,22,0.3013698630136986,7,15,0,0.3181818181818182,2.310077519379845,76.81818181818181,1690.0,520.0,3.25,6,11,-250.0,880.0,displacement_retrace__target-400__stop-60__horizon-30__session-NYOpen__spreadlt-20__retrace-0p5__timeout-10__atrlt-450__dir_prev10gtNone,displacement_retrace,3.7142857142857144,114.0,4.071428571428571,5,0,add,2,570.0,-110.0,-1,False
combo__displacement_retrace__target-400__stop-60__horizon-45__session-NYOpen__spreadlt-20__retrace-0p5__timeout-10__atrlt-450__dir_prev10gt-500,combo,baseline + target=400;stop=60;horizon=45;session=NY Open;spread<=20;retrace=0.5;timeout=10;atr<=450;dir_prev10>-500,22,0.3013698630136986,7,15,0,0.3181818181818182,2.310077519379845,76.81818181818181,1690.0,520.0,3.25,6,11,-250.0,880.0,displacement_retrace__target-400__stop-60__horizon-45__session-NYOpen__spreadlt-20__retrace-0p5__timeout-10__atrlt-450__dir_prev10gt-500,displacement_retrace,3.7142857142857144,114.0,4.071428571428571,5,0,add,2,570.0,-110.0,-1,False
combo__displacement_retrace__target-400__stop-60__horizon-45__session-NYOpen__spreadlt-20__retrace-0p5__timeout-10__atrlt-450__dir_prev10gtNone,combo,baseline + target=400;stop=60;horizon=45;session=NY Open;spread<=20;retrace=0.5;timeout=10;atr<=450;dir_prev10>None,22,0.3013698630136986,7,15,0,0.3181818181818182,2.310077519379845,76.81818181818181,1690.0,520.0,3.25,6,11,-250.0,880.0,displacement_retrace__target-400__stop-60__horizon-45__session-NYOpen__spreadlt-20__retrace-0p5__timeout-10__atrlt-450__dir_prev10gtNone,displacement_retrace,3.7142857142857144,114.0,4.071428571428571,5,0,add,2,570.0,-110.0,-1,False
combo__ict_london_reversal__target-400__stop-80__horizon-10__session-LondonOpen__spreadlt-20__atrlt-279__dir_prev10gtNone__bodylt-450,combo,baseline + target=400;stop=80;horizon=10;session=London Open;spread<=20;atr<=279;dir_prev10>None;body<=450,23,0.3150684931506849,8,15,0,0.34782608695652173,2.4962962962962965,87.82608695652173,2020.0,630.0,3.2063492063492065,7,11,-450.0,1220.0,ict_london_reversal__target-400__stop-80__horizon-10__session-LondonOpen__spreadlt-20__atrlt-279__dir_prev10gtNone__bodylt-450,ict_london_reversal,4.333333333333333,150.0,3.3333333333333335,6,0,add,1,900.0,0.0,0,False
combo__ict_london_reversal__target-400__stop-80__horizon-15__session-LondonOpen__spreadlt-20__atrlt-279__dir_prev10gtNone__bodylt-450,combo,baseline + target=400;stop=80;horizon=15;session=London Open;spread<=20;atr<=279;dir_prev10>None;body<=450,23,0.3150684931506849,8,15,0,0.34782608695652173,2.4962962962962965,87.82608695652173,2020.0,630.0,3.2063492063492065,7,11,-450.0,1220.0,ict_london_reversal__target-400__stop-80__horizon-15__session-LondonOpen__spreadlt-20__atrlt-279__dir_prev10gtNone__bodylt-450,ict_london_reversal,4.333333333333333,150.0,3.3333333333333335,6,0,add,1,900.0,0.0,0,False
combo__ict_london_reversal__target-400__stop-80__horizon-30__session-LondonOpen__spreadlt-20__atrlt-279__dir_prev10gtNone__bodylt-450,combo,baseline + target=400;stop=80;horizon=30;session=London Open;spread<=20;atr<=279;dir_prev10>None;body<=450,23,0.3150684931506849,8,15,0,0.34782608695652173,2.4962962962962965,87.82608695652173,2020.0,630.0,3.2063492063492065,7,11,-450.0,1220.0,ict_london_reversal__target-400__stop-80__horizon-30__session-LondonOpen__spreadlt-20__atrlt-279__dir_prev10gtNone__bodylt-450,ict_london_reversal,4.333333333333333,150.0,3.3333333333333335,6,0,add,1,900.0,0.0,0,False
combo__displacement_retrace__target-450__stop-80__horizon-15__session-NYOpen__spreadlt-20__retrace-0p5__timeout-10__atrlt-450__dir_prev10gt-500,combo,baseline + target=450;stop=80;horizon=15;session=NY Open;spread<=20;retrace=0.5;timeout=10;atr<=450;dir_prev10>-500,22,0.3013698630136986,7,15,0,0.3181818181818182,2.2814814814814817,78.63636363636364,1730.0,540.0,3.2037037037037037,6,11,-270.0,880.0,displacement_retrace__target-450__stop-80__horizon-15__session-NYOpen__spreadlt-20__retrace-0p5__timeout-10__atrlt-450__dir_prev10gt-500,displacement_retrace,3.259259259259259,122.0,3.388888888888889,5,0,add,2,610.0,-90.0,-1,False
combo__displacement_retrace__target-450__stop-80__horizon-15__session-NYOpen__spreadlt-20__retrace-0p5__timeout-10__atrlt-450__dir_prev10gtNone,combo,baseline + target=450;stop=80;horizon=15;session=NY Open;spread<=20;retrace=0.5;timeout=10;atr<=450;dir_prev10>None,22,0.3013698630136986,7,15,0,0.3181818181818182,2.2814814814814817,78.63636363636364,1730.0,540.0,3.2037037037037037,6,11,-270.0,880.0,displacement_retrace__target-450__stop-80__horizon-15__session-NYOpen__spreadlt-20__retrace-0p5__timeout-10__atrlt-450__dir_prev10gtNone,displacement_retrace,3.259259259259259,122.0,3.388888888888889,5,0,add,2,610.0,-90.0,-1,False
combo__displacement_retrace__target-450__stop-80__horizon-30__session-NYOpen__spreadlt-20__retrace-0p5__timeout-10__atrlt-450__dir_prev10gt-500,combo,baseline + target=450;stop=80;horizon=30;session=NY Open;spread<=20;retrace=0.5;timeout=10;atr<=450;dir_prev10>-500,22,0.3013698630136986,7,15,0,0.3181818181818182,2.2814814814814817,78.63636363636364,1730.0,540.0,3.2037037037037037,6,11,-270.0,880.0,displacement_retrace__target-450__stop-80__horizon-30__session-NYOpen__spreadlt-20__retrace-0p5__timeout-10__atrlt-450__dir_prev10gt-500,displacement_retrace,3.259259259259259,122.0,3.388888888888889,5,0,add,2,610.0,-90.0,-1,False
combo__displacement_retrace__target-450__stop-80__horizon-30__session-NYOpen__spreadlt-20__retrace-0p5__timeout-10__atrlt-450__dir_prev10gtNone,combo,baseline + target=450;stop=80;horizon=30;session=NY Open;spread<=20;retrace=0.5;timeout=10;atr<=450;dir_prev10>None,22,0.3013698630136986,7,15,0,0.3181818181818182,2.2814814814814817,78.63636363636364,1730.0,540.0,3.2037037037037037,6,11,-270.0,880.0,displacement_retrace__target-450__stop-80__horizon-30__session-NYOpen__spreadlt-20__retrace-0p5__timeout-10__atrlt-450__dir_prev10gtNone,displacement_retrace,3.259259259259259,122.0,3.388888888888889,5,0,add,2,610.0,-90.0,-1,False
combo__displacement_retrace__target-450__stop-80__horizon-45__session-NYOpen__spreadlt-20__retrace-0p5__timeout-10__atrlt-450__dir_prev10gt-500,combo,baseline + target=450;stop=80;horizon=45;session=NY Open;spread<=20;retrace=0.5;timeout=10;atr<=450;dir_prev10>-500,22,0.3013698630136986,7,15,0,0.3181818181818182,2.2814814814814817,78.63636363636364,1730.0,540.0,3.2037037037037037,6,11,-270.0,880.0,displacement_retrace__target-450__stop-80__horizon-45__session-NYOpen__spreadlt-20__retrace-0p5__timeout-10__atrlt-450__dir_prev10gt-500,displacement_retrace,3.259259259259259,122.0,3.388888888888889,5,0,add,2,610.0,-90.0,-1,False
combo__displacement_retrace__target-450__stop-80__horizon-45__session-NYOpen__spreadlt-20__retrace-0p5__timeout-10__atrlt-450__dir_prev10gtNone,combo,baseline + target=450;stop=80;horizon=45;session=NY Open;spread<=20;retrace=0.5;timeout=10;atr<=450;dir_prev10>None,22,0.3013698630136986,7,15,0,0.3181818181818182,2.2814814814814817,78.63636363636364,1730.0,540.0,3.2037037037037037,6,11,-270.0,880.0,displacement_retrace__target-450__stop-80__horizon-45__session-NYOpen__spreadlt-20__retrace-0p5__timeout-10__atrlt-450__dir_prev10gtNone,displacement_retrace,3.259259259259259,122.0,3.388888888888889,5,0,add,2,610.0,-90.0,-1,False
combo__ict_london_reversal__target-450__stop-100__horizon-10__session-LondonOpen__spreadlt-20__atrlt-279__dir_prev10gtNone__bodylt-450,combo,baseline + target=450;stop=100;horizon=10;session=London Open;spread<=20;atr<=279;dir_prev10>None;body<=450,23,0.3150684931506849,8,15,0,0.34782608695652173,2.49645390070922,91.73913043478261,2110.0,690.0,3.0579710144927534,7,11,-510.0,1320.0,ict_london_reversal__target-450__stop-100__horizon-10__session-LondonOpen__spreadlt-20__atrlt-279__dir_prev10gtNone__bodylt-450,ict_london_reversal,4.0,165.0,3.0,6,0,add,1,990.0,60.0,0,False
combo__ict_london_reversal__target-450__stop-100__horizon-15__session-LondonOpen__spreadlt-20__atrlt-279__dir_prev10gtNone__bodylt-450,combo,baseline + target=450;stop=100;horizon=15;session=London Open;spread<=20;atr<=279;dir_prev10>None;body<=450,23,0.3150684931506849,8,15,0,0.34782608695652173,2.49645390070922,91.73913043478261,2110.0,690.0,3.0579710144927534,7,11,-510.0,1320.0,ict_london_reversal__target-450__stop-100__horizon-15__session-LondonOpen__spreadlt-20__atrlt-279__dir_prev10gtNone__bodylt-450,ict_london_reversal,4.0,165.0,3.0,6,0,add,1,990.0,60.0,0,False
combo__ict_london_reversal__target-450__stop-100__horizon-30__session-LondonOpen__spreadlt-20__atrlt-279__dir_prev10gtNone__bodylt-450,combo,baseline + target=450;stop=100;horizon=30;session=London Open;spread<=20;atr<=279;dir_prev10>None;body<=450,23,0.3150684931506849,8,15,0,0.34782608695652173,2.49645390070922,91.73913043478261,2110.0,690.0,3.0579710144927534,7,11,-510.0,1320.0,ict_london_reversal__target-450__stop-100__horizon-30__session-LondonOpen__spreadlt-20__atrlt-279__dir_prev10gtNone__bodylt-450,ict_london_reversal,4.0,165.0,3.0,6,0,add,1,990.0,60.0,0,False
combo__ict_london_reversal__target-350__stop-80__horizon-10__session-LondonOpen__spreadlt-20__atrlt-279__dir_prev10gtNone__bodylt-450,combo,baseline + target=350;stop=80;horizon=10;session=London Open;spread<=20;atr<=279;dir_prev10>None;body<=450,23,0.3150684931506849,8,15,0,0.34782608695652173,2.3851851851851853,81.30434782608695,1870.0,630.0,2.9682539682539684,7,11,-450.0,1120.0,ict_london_reversal__target-350__stop-80__horizon-10__session-LondonOpen__spreadlt-20__atrlt-279__dir_prev10gtNone__bodylt-450,ict_london_reversal,3.7777777777777777,125.0,2.7777777777777777,6,0,add,1,750.0,0.0,0,False
combo__ict_london_reversal__target-350__stop-80__horizon-15__session-LondonOpen__spreadlt-20__atrlt-279__dir_prev10gtNone__bodylt-450,combo,baseline + target=350;stop=80;horizon=15;session=London Open;spread<=20;atr<=279;dir_prev10>None;body<=450,23,0.3150684931506849,8,15,0,0.34782608695652173,2.3851851851851853,81.30434782608695,1870.0,630.0,2.9682539682539684,7,11,-450.0,1120.0,ict_london_reversal__target-350__stop-80__horizon-15__session-LondonOpen__spreadlt-20__atrlt-279__dir_prev10gtNone__bodylt-450,ict_london_reversal,3.7777777777777777,125.0,2.7777777777777777,6,0,add,1,750.0,0.0,0,False
combo__ict_london_reversal__target-350__stop-80__horizon-30__session-LondonOpen__spreadlt-20__atrlt-279__dir_prev10gtNone__bodylt-450,combo,baseline + target=350;stop=80;horizon=30;session=London Open;spread<=20;atr<=279;dir_prev10>None;body<=450,23,0.3150684931506849,8,15,0,0.34782608695652173,2.3851851851851853,81.30434782608695,1870.0,630.0,2.9682539682539684,7,11,-450.0,1120.0,ict_london_reversal__target-350__stop-80__horizon-30__session-LondonOpen__spreadlt-20__atrlt-279__dir_prev10gtNone__bodylt-450,ict_london_reversal,3.7777777777777777,125.0,2.7777777777777777,6,0,add,1,750.0,0.0,0,False
combo__ict_london_reversal__target-450__stop-80__horizon-10__session-LondonOpen__spreadlt-20__atrlt-279__dir_prev10gtNone__bodylt-650,combo,baseline + target=450;stop=80;horizon=10;session=London Open;spread<=20;atr<=279;dir_prev10>None;body<=650,24,0.3287671232876712,8,16,0,0.3333333333333333,2.4444444444444446,86.66666666666667,2080.0,720.0,2.888888888888889,8,12,-450.0,1320.0,ict_london_reversal__target-450__stop-80__horizon-10__session-LondonOpen__spreadlt-20__atrlt-279__dir_prev10gtNone__bodylt-650,ict_london_reversal,3.6666666666666665,137.14285714285714,2.6666666666666665,7,0,add,1,960.0,90.0,1,False
combo__ict_london_reversal__target-450__stop-80__horizon-10__session-LondonOpen__spreadlt-20__atrlt-279__dir_prev10gtNone__bodylt-850,combo,baseline + target=450;stop=80;horizon=10;session=London Open;spread<=20;atr<=279;dir_prev10>None;body<=850,24,0.3287671232876712,8,16,0,0.3333333333333333,2.4444444444444446,86.66666666666667,2080.0,720.0,2.888888888888889,8,12,-450.0,1320.0,ict_london_reversal__target-450__stop-80__horizon-10__session-LondonOpen__spreadlt-20__atrlt-279__dir_prev10gtNone__bodylt-850,ict_london_reversal,3.6666666666666665,137.14285714285714,2.6666666666666665,7,0,add,1,960.0,90.0,1,False
combo__ict_london_reversal__target-450__stop-80__horizon-10__session-LondonOpen__spreadlt-20__atrlt-279__dir_prev10gtNone__bodylt-None,combo,baseline + target=450;stop=80;horizon=10;session=London Open;spread<=20;atr<=279;dir_prev10>None;body<=None,24,0.3287671232876712,8,16,0,0.3333333333333333,2.4444444444444446,86.66666666666667,2080.0,720.0,2.888888888888889,8,12,-450.0,1320.0,ict_london_reversal__target-450__stop-80__horizon-10__session-LondonOpen__spreadlt-20__atrlt-279__dir_prev10gtNone__bodylt-None,ict_london_reversal,3.6666666666666665,137.14285714285714,2.6666666666666665,7,0,add,1,960.0,90.0,1,False
combo__ict_london_reversal__target-450__stop-80__horizon-10__session-LondonOpen__spreadlt-20__atrlt-350__dir_prev10gtNone__bodylt-450,combo,baseline + target=450;stop=80;horizon=10;session=London Open;spread<=20;atr<=350;dir_prev10>None;body<=450,24,0.3287671232876712,8,16,0,0.3333333333333333,2.4444444444444446,86.66666666666667,2080.0,720.0,2.888888888888889,8,11,-450.0,1320.0,ict_london_reversal__target-450__stop-80__horizon-10__session-LondonOpen__spreadlt-20__atrlt-350__dir_prev10gtNone__bodylt-450,ict_london_reversal,3.6666666666666665,137.14285714285714,2.6666666666666665,7,0,add,2,960.0,90.0,1,False
combo__ict_london_reversal__target-450__stop-80__horizon-15__session-LondonOpen__spreadlt-20__atrlt-279__dir_prev10gtNone__bodylt-650,combo,baseline + target=450;stop=80;horizon=15;session=London Open;spread<=20;atr<=279;dir_prev10>None;body<=650,24,0.3287671232876712,8,16,0,0.3333333333333333,2.4444444444444446,86.66666666666667,2080.0,720.0,2.888888888888889,8,12,-450.0,1320.0,ict_london_reversal__target-450__stop-80__horizon-15__session-LondonOpen__spreadlt-20__atrlt-279__dir_prev10gtNone__bodylt-650,ict_london_reversal,3.6666666666666665,137.14285714285714,2.6666666666666665,7,0,add,1,960.0,90.0,1,False
combo__ict_london_reversal__target-450__stop-80__horizon-15__session-LondonOpen__spreadlt-20__atrlt-279__dir_prev10gtNone__bodylt-850,combo,baseline + target=450;stop=80;horizon=15;session=London Open;spread<=20;atr<=279;dir_prev10>None;body<=850,24,0.3287671232876712,8,16,0,0.3333333333333333,2.4444444444444446,86.66666666666667,2080.0,720.0,2.888888888888889,8,12,-450.0,1320.0,ict_london_reversal__target-450__stop-80__horizon-15__session-LondonOpen__spreadlt-20__atrlt-279__dir_prev10gtNone__bodylt-850,ict_london_reversal,3.6666666666666665,137.14285714285714,2.6666666666666665,7,0,add,1,960.0,90.0,1,False
combo__ict_london_reversal__target-450__stop-80__horizon-15__session-LondonOpen__spreadlt-20__atrlt-279__dir_prev10gtNone__bodylt-None,combo,baseline + target=450;stop=80;horizon=15;session=London Open;spread<=20;atr<=279;dir_prev10>None;body<=None,24,0.3287671232876712,8,16,0,0.3333333333333333,2.4444444444444446,86.66666666666667,2080.0,720.0,2.888888888888889,8,12,-450.0,1320.0,ict_london_reversal__target-450__stop-80__horizon-15__session-LondonOpen__spreadlt-20__atrlt-279__dir_prev10gtNone__bodylt-None,ict_london_reversal,3.6666666666666665,137.14285714285714,2.6666666666666665,7,0,add,1,960.0,90.0,1,False
combo__ict_london_reversal__target-450__stop-80__horizon-15__session-LondonOpen__spreadlt-20__atrlt-350__dir_prev10gtNone__bodylt-450,combo,baseline + target=450;stop=80;horizon=15;session=London Open;spread<=20;atr<=350;dir_prev10>None;body<=450,24,0.3287671232876712,8,16,0,0.3333333333333333,2.4444444444444446,86.66666666666667,2080.0,720.0,2.888888888888889,8,11,-450.0,1320.0,ict_london_reversal__target-450__stop-80__horizon-15__session-LondonOpen__spreadlt-20__atrlt-350__dir_prev10gtNone__bodylt-450,ict_london_reversal,3.6666666666666665,137.14285714285714,2.6666666666666665,7,0,add,2,960.0,90.0,1,False
combo__ict_london_reversal__target-450__stop-80__horizon-30__session-LondonOpen__spreadlt-20__atrlt-279__dir_prev10gtNone__bodylt-650,combo,baseline + target=450;stop=80;horizon=30;session=London Open;spread<=20;atr<=279;dir_prev10>None;body<=650,24,0.3287671232876712,8,16,0,0.3333333333333333,2.4444444444444446,86.66666666666667,2080.0,720.0,2.888888888888889,8,12,-450.0,1320.0,ict_london_reversal__target-450__stop-80__horizon-30__session-LondonOpen__spreadlt-20__atrlt-279__dir_prev10gtNone__bodylt-650,ict_london_reversal,3.6666666666666665,137.14285714285714,2.6666666666666665,7,0,add,1,960.0,90.0,1,False
combo__ict_london_reversal__target-450__stop-80__horizon-30__session-LondonOpen__spreadlt-20__atrlt-279__dir_prev10gtNone__bodylt-850,combo,baseline + target=450;stop=80;horizon=30;session=London Open;spread<=20;atr<=279;dir_prev10>None;body<=850,24,0.3287671232876712,8,16,0,0.3333333333333333,2.4444444444444446,86.66666666666667,2080.0,720.0,2.888888888888889,8,12,-450.0,1320.0,ict_london_reversal__target-450__stop-80__horizon-30__session-LondonOpen__spreadlt-20__atrlt-279__dir_prev10gtNone__bodylt-850,ict_london_reversal,3.6666666666666665,137.14285714285714,2.6666666666666665,7,0,add,1,960.0,90.0,1,False
combo__ict_london_reversal__target-450__stop-80__horizon-30__session-LondonOpen__spreadlt-20__atrlt-279__dir_prev10gtNone__bodylt-None,combo,baseline + target=450;stop=80;horizon=30;session=London Open;spread<=20;atr<=279;dir_prev10>None;body<=None,24,0.3287671232876712,8,16,0,0.3333333333333333,2.4444444444444446,86.66666666666667,2080.0,720.0,2.888888888888889,8,12,-450.0,1320.0,ict_london_reversal__target-450__stop-80__horizon-30__session-LondonOpen__spreadlt-20__atrlt-279__dir_prev10gtNone__bodylt-None,ict_london_reversal,3.6666666666666665,137.14285714285714,2.6666666666666665,7,0,add,1,960.0,90.0,1,False
combo__ict_london_reversal__target-450__stop-80__horizon-30__session-LondonOpen__spreadlt-20__atrlt-350__dir_prev10gtNone__bodylt-450,combo,baseline + target=450;stop=80;horizon=30;session=London Open;spread<=20;atr<=350;dir_prev10>None;body<=450,24,0.3287671232876712,8,16,0,0.3333333333333333,2.4444444444444446,86.66666666666667,2080.0,720.0,2.888888888888889,8,11,-450.0,1320.0,ict_london_reversal__target-450__stop-80__horizon-30__session-LondonOpen__spreadlt-20__atrlt-350__dir_prev10gtNone__bodylt-450,ict_london_reversal,3.6666666666666665,137.14285714285714,2.6666666666666665,7,0,add,2,960.0,90.0,1,False
combo__ict_london_reversal__target-400__stop-100__horizon-10__session-LondonOpen__spreadlt-20__atrlt-279__dir_prev10gtNone__bodylt-450,combo,baseline + target=400;stop=100;horizon=10;session=London Open;spread<=20;atr<=279;dir_prev10>None;body<=450,23,0.3150684931506849,8,15,0,0.34782608695652173,2.3900709219858154,85.21739130434783,1960.0,690.0,2.8405797101449277,7,11,-510.0,1220.0,ict_london_reversal__target-400__stop-100__horizon-10__session-LondonOpen__spreadlt-20__atrlt-279__dir_prev10gtNone__bodylt-450,ict_london_reversal,3.5454545454545454,140.0,2.5454545454545454,6,0,add,1,840.0,60.0,0,False
combo__ict_london_reversal__target-400__stop-100__horizon-15__session-LondonOpen__spreadlt-20__atrlt-279__dir_prev10gtNone__bodylt-450,combo,baseline + target=400;stop=100;horizon=15;session=London Open;spread<=20;atr<=279;dir_prev10>None;body<=450,23,0.3150684931506849,8,15,0,0.34782608695652173,2.3900709219858154,85.21739130434783,1960.0,690.0,2.8405797101449277,7,11,-510.0,1220.0,ict_london_reversal__target-400__stop-100__horizon-15__session-LondonOpen__spreadlt-20__atrlt-279__dir_prev10gtNone__bodylt-450,ict_london_reversal,3.5454545454545454,140.0,2.5454545454545454,6,0,add,1,840.0,60.0,0,False
combo__ict_london_reversal__target-400__stop-100__horizon-30__session-LondonOpen__spreadlt-20__atrlt-279__dir_prev10gtNone__bodylt-450,combo,baseline + target=400;stop=100;horizon=30;session=London Open;spread<=20;atr<=279;dir_prev10>None;body<=450,23,0.3150684931506849,8,15,0,0.34782608695652173,2.3900709219858154,85.21739130434783,1960.0,690.0,2.8405797101449277,7,11,-510.0,1220.0,ict_london_reversal__target-400__stop-100__horizon-30__session-LondonOpen__spreadlt-20__atrlt-279__dir_prev10gtNone__bodylt-450,ict_london_reversal,3.5454545454545454,140.0,2.5454545454545454,6,0,add,1,840.0,60.0,0,False
combo__ict_london_reversal__target-450__stop-120__horizon-10__session-LondonOpen__spreadlt-20__atrlt-279__dir_prev10gtNone__bodylt-450,combo,baseline + target=450;stop=120;horizon=10;session=London Open;spread<=20;atr<=279;dir_prev10>None;body<=450,23,0.3150684931506849,8,15,0,0.34782608695652173,2.3945578231292517,89.1304347826087,2050.0,750.0,2.7333333333333334,7,11,-570.0,1320.0,ict_london_reversal__target-450__stop-120__horizon-10__session-LondonOpen__spreadlt-20__atrlt-279__dir_prev10gtNone__bodylt-450,ict_london_reversal,3.3846153846153846,155.0,2.3846153846153846,6,0,add,1,930.0,120.0,0,False
combo__ict_london_reversal__target-450__stop-120__horizon-15__session-LondonOpen__spreadlt-20__atrlt-279__dir_prev10gtNone__bodylt-450,combo,baseline + target=450;stop=120;horizon=15;session=London Open;spread<=20;atr<=279;dir_prev10>None;body<=450,23,0.3150684931506849,8,15,0,0.34782608695652173,2.3945578231292517,89.1304347826087,2050.0,750.0,2.7333333333333334,7,11,-570.0,1320.0,ict_london_reversal__target-450__stop-120__horizon-15__session-LondonOpen__spreadlt-20__atrlt-279__dir_prev10gtNone__bodylt-450,ict_london_reversal,3.3846153846153846,155.0,2.3846153846153846,6,0,add,1,930.0,120.0,0,False
combo__ict_london_reversal__target-450__stop-120__horizon-30__session-LondonOpen__spreadlt-20__atrlt-279__dir_prev10gtNone__bodylt-450,combo,baseline + target=450;stop=120;horizon=30;session=London Open;spread<=20;atr<=279;dir_prev10>None;body<=450,23,0.3150684931506849,8,15,0,0.34782608695652173,2.3945578231292517,89.1304347826087,2050.0,750.0,2.7333333333333334,7,11,-570.0,1320.0,ict_london_reversal__target-450__stop-120__horizon-30__session-LondonOpen__spreadlt-20__atrlt-279__dir_prev10gtNone__bodylt-450,ict_london_reversal,3.3846153846153846,155.0,2.3846153846153846,6,0,add,1,930.0,120.0,0,False
combo__rsi_sweep_london__target-250__stop-80__horizon-10__session-LondonOpen__spreadlt-20__rsi-30_70__atrlt-350__rangelt-450__dir_prev10gt-500,combo,baseline + target=250;stop=80;horizon=10;session=London Open;spread<=20;rsi=30/70;atr<=350;range<=450;dir_prev10>-500,22,0.3013698630136986,7,15,0,0.3181818181818182,1.9851851851851852,60.45454545454545,1330.0,720.0,1.8472222222222223,8,12,-270.0,830.0,rsi_sweep_london__target-250__stop-80__horizon-10__session-LondonOpen__spreadlt-20__rsi-30_70__atrlt-350__rangelt-450__dir_prev10gt-500,rsi_sweep_london,1.7777777777777777,42.0,1.1666666666666667,5,0,add,1,210.0,90.0,1,False
combo__rsi_sweep_london__target-250__stop-80__horizon-10__session-LondonOpen__spreadlt-20__rsi-30_70__atrlt-350__rangelt-650__dir_prev10gt-500,combo,baseline + target=250;stop=80;horizon=10;session=London Open;spread<=20;rsi=30/70;atr<=350;range<=650;dir_prev10>-500,22,0.3013698630136986,7,15,0,0.3181818181818182,1.9851851851851852,60.45454545454545,1330.0,720.0,1.8472222222222223,8,12,-270.0,830.0,rsi_sweep_london__target-250__stop-80__horizon-10__session-LondonOpen__spreadlt-20__rsi-30_70__atrlt-350__rangelt-650__dir_prev10gt-500,rsi_sweep_london,1.7777777777777777,42.0,1.1666666666666667,5,0,add,1,210.0,90.0,1,False
combo__rsi_sweep_london__target-250__stop-80__horizon-10__session-LondonOpen__spreadlt-20__rsi-30_70__atrlt-350__rangelt-850__dir_prev10gt-500,combo,baseline + target=250;stop=80;horizon=10;session=London Open;spread<=20;rsi=30/70;atr<=350;range<=850;dir_prev10>-500,22,0.3013698630136986,7,15,0,0.3181818181818182,1.9851851851851852,60.45454545454545,1330.0,720.0,1.8472222222222223,8,12,-270.0,830.0,rsi_sweep_london__target-250__stop-80__horizon-10__session-LondonOpen__spreadlt-20__rsi-30_70__atrlt-350__rangelt-850__dir_prev10gt-500,rsi_sweep_london,1.7777777777777777,42.0,1.1666666666666667,5,0,add,1,210.0,90.0,1,False
combo__rsi_sweep_london__target-250__stop-80__horizon-10__session-LondonOpen__spreadlt-20__rsi-30_70__atrlt-350__rangelt-None__dir_prev10gt-500,combo,baseline + target=250;stop=80;horizon=10;session=London Open;spread<=20;rsi=30/70;atr<=350;range<=None;dir_prev10>-500,22,0.3013698630136986,7,15,0,0.3181818181818182,1.9851851851851852,60.45454545454545,1330.0,720.0,1.8472222222222223,8,12,-270.0,830.0,rsi_sweep_london__target-250__stop-80__horizon-10__session-LondonOpen__spreadlt-20__rsi-30_70__atrlt-350__rangelt-None__dir_prev10gt-500,rsi_sweep_london,1.7777777777777777,42.0,1.1666666666666667,5,0,add,1,210.0,90.0,1,False
combo__rsi_sweep_london__target-250__stop-80__horizon-10__session-LondonOpen__spreadlt-20__rsi-30_70__atrlt-450__rangelt-450__dir_prev10gt-500,combo,baseline + target=250;stop=80;horizon=10;session=London Open;spread<=20;rsi=30/70;atr<=450;range<=450;dir_prev10>-500,22,0.3013698630136986,7,15,0,0.3181818181818182,1.9851851851851852,60.45454545454545,1330.0,720.0,1.8472222222222223,8,12,-270.0,830.0,rsi_sweep_london__target-250__stop-80__horizon-10__session-LondonOpen__spreadlt-20__rsi-30_70__atrlt-450__rangelt-450__dir_prev10gt-500,rsi_sweep_london,1.7777777777777777,42.0,1.1666666666666667,5,0,add,1,210.0,90.0,1,False
combo__rsi_sweep_london__target-250__stop-80__horizon-10__session-LondonOpen__spreadlt-20__rsi-30_70__atrlt-450__rangelt-650__dir_prev10gt-500,combo,baseline + target=250;stop=80;horizon=10;session=London Open;spread<=20;rsi=30/70;atr<=450;range<=650;dir_prev10>-500,22,0.3013698630136986,7,15,0,0.3181818181818182,1.9851851851851852,60.45454545454545,1330.0,720.0,1.8472222222222223,8,12,-270.0,830.0,rsi_sweep_london__target-250__stop-80__horizon-10__session-LondonOpen__spreadlt-20__rsi-30_70__atrlt-450__rangelt-650__dir_prev10gt-500,rsi_sweep_london,1.7777777777777777,42.0,1.1666666666666667,5,0,add,1,210.0,90.0,1,False
combo__rsi_sweep_london__target-250__stop-80__horizon-10__session-LondonOpen__spreadlt-20__rsi-30_70__atrlt-450__rangelt-850__dir_prev10gt-500,combo,baseline + target=250;stop=80;horizon=10;session=London Open;spread<=20;rsi=30/70;atr<=450;range<=850;dir_prev10>-500,22,0.3013698630136986,7,15,0,0.3181818181818182,1.9851851851851852,60.45454545454545,1330.0,720.0,1.8472222222222223,8,12,-270.0,830.0,rsi_sweep_london__target-250__stop-80__horizon-10__session-LondonOpen__spreadlt-20__rsi-30_70__atrlt-450__rangelt-850__dir_prev10gt-500,rsi_sweep_london,1.7777777777777777,42.0,1.1666666666666667,5,0,add,1,210.0,90.0,1,False
combo__rsi_sweep_london__target-250__stop-80__horizon-10__session-LondonOpen__spreadlt-20__rsi-30_70__atrlt-450__rangelt-None__dir_prev10gt-500,combo,baseline + target=250;stop=80;horizon=10;session=London Open;spread<=20;rsi=30/70;atr<=450;range<=None;dir_prev10>-500,22,0.3013698630136986,7,15,0,0.3181818181818182,1.9851851851851852,60.45454545454545,1330.0,720.0,1.8472222222222223,8,12,-270.0,830.0,rsi_sweep_london__target-250__stop-80__horizon-10__session-LondonOpen__spreadlt-20__rsi-30_70__atrlt-450__rangelt-None__dir_prev10gt-500,rsi_sweep_london,1.7777777777777777,42.0,1.1666666666666667,5,0,add,1,210.0,90.0,1,False
combo__rsi_sweep_london__target-250__stop-80__horizon-10__session-LondonOpen__spreadlt-20__rsi-30_70__atrlt-None__rangelt-450__dir_prev10gt-500,combo,baseline + target=250;stop=80;horizon=10;session=London Open;spread<=20;rsi=30/70;atr<=None;range<=450;dir_prev10>-500,22,0.3013698630136986,7,15,0,0.3181818181818182,1.9851851851851852,60.45454545454545,1330.0,720.0,1.8472222222222223,8,12,-270.0,830.0,rsi_sweep_london__target-250__stop-80__horizon-10__session-LondonOpen__spreadlt-20__rsi-30_70__atrlt-None__rangelt-450__dir_prev10gt-500,rsi_sweep_london,1.7777777777777777,42.0,1.1666666666666667,5,0,add,1,210.0,90.0,1,False
combo__rsi_sweep_london__target-250__stop-80__horizon-10__session-LondonOpen__spreadlt-20__rsi-30_70__atrlt-None__rangelt-650__dir_prev10gt-500,combo,baseline + target=250;stop=80;horizon=10;session=London Open;spread<=20;rsi=30/70;atr<=None;range<=650;dir_prev10>-500,22,0.3013698630136986,7,15,0,0.3181818181818182,1.9851851851851852,60.45454545454545,1330.0,720.0,1.8472222222222223,8,12,-270.0,830.0,rsi_sweep_london__target-250__stop-80__horizon-10__session-LondonOpen__spreadlt-20__rsi-30_70__atrlt-None__rangelt-650__dir_prev10gt-500,rsi_sweep_london,1.7777777777777777,42.0,1.1666666666666667,5,0,add,1,210.0,90.0,1,False
combo__rsi_sweep_london__target-250__stop-80__horizon-10__session-LondonOpen__spreadlt-20__rsi-30_70__atrlt-None__rangelt-850__dir_prev10gt-500,combo,baseline + target=250;stop=80;horizon=10;session=London Open;spread<=20;rsi=30/70;atr<=None;range<=850;dir_prev10>-500,22,0.3013698630136986,7,15,0,0.3181818181818182,1.9851851851851852,60.45454545454545,1330.0,720.0,1.8472222222222223,8,12,-270.0,830.0,rsi_sweep_london__target-250__stop-80__horizon-10__session-LondonOpen__spreadlt-20__rsi-30_70__atrlt-None__rangelt-850__dir_prev10gt-500,rsi_sweep_london,1.7777777777777777,42.0,1.1666666666666667,5,0,add,1,210.0,90.0,1,False
combo__rsi_sweep_london__target-250__stop-80__horizon-10__session-LondonOpen__spreadlt-20__rsi-30_70__atrlt-None__rangelt-None__dir_prev10gt-500,combo,baseline + target=250;stop=80;horizon=10;session=London Open;spread<=20;rsi=30/70;atr<=None;range<=None;dir_prev10>-500,22,0.3013698630136986,7,15,0,0.3181818181818182,1.9851851851851852,60.45454545454545,1330.0,720.0,1.8472222222222223,8,12,-270.0,830.0,rsi_sweep_london__target-250__stop-80__horizon-10__session-LondonOpen__spreadlt-20__rsi-30_70__atrlt-None__rangelt-None__dir_prev10gt-500,rsi_sweep_london,1.7777777777777777,42.0,1.1666666666666667,5,0,add,1,210.0,90.0,1,False
combo__rsi_sweep_london__target-250__stop-80__horizon-15__session-LondonOpen__spreadlt-20__rsi-30_70__atrlt-350__rangelt-450__dir_prev10gt-500,combo,baseline + target=250;stop=80;horizon=15;session=London Open;spread<=20;rsi=30/70;atr<=350;range<=450;dir_prev10>-500,22,0.3013698630136986,7,15,0,0.3181818181818182,1.9851851851851852,60.45454545454545,1330.0,720.0,1.8472222222222223,8,12,-270.0,830.0,rsi_sweep_london__target-250__stop-80__horizon-15__session-LondonOpen__spreadlt-20__rsi-30_70__atrlt-350__rangelt-450__dir_prev10gt-500,rsi_sweep_london,1.7777777777777777,42.0,1.1666666666666667,5,0,add,1,210.0,90.0,1,False
combo__rsi_sweep_london__target-250__stop-80__horizon-15__session-LondonOpen__spreadlt-20__rsi-30_70__atrlt-350__rangelt-650__dir_prev10gt-500,combo,baseline + target=250;stop=80;horizon=15;session=London Open;spread<=20;rsi=30/70;atr<=350;range<=650;dir_prev10>-500,22,0.3013698630136986,7,15,0,0.3181818181818182,1.9851851851851852,60.45454545454545,1330.0,720.0,1.8472222222222223,8,12,-270.0,830.0,rsi_sweep_london__target-250__stop-80__horizon-15__session-LondonOpen__spreadlt-20__rsi-30_70__atrlt-350__rangelt-650__dir_prev10gt-500,rsi_sweep_london,1.7777777777777777,42.0,1.1666666666666667,5,0,add,1,210.0,90.0,1,False
combo__rsi_sweep_london__target-250__stop-80__horizon-15__session-LondonOpen__spreadlt-20__rsi-30_70__atrlt-350__rangelt-850__dir_prev10gt-500,combo,baseline + target=250;stop=80;horizon=15;session=London Open;spread<=20;rsi=30/70;atr<=350;range<=850;dir_prev10>-500,22,0.3013698630136986,7,15,0,0.3181818181818182,1.9851851851851852,60.45454545454545,1330.0,720.0,1.8472222222222223,8,12,-270.0,830.0,rsi_sweep_london__target-250__stop-80__horizon-15__session-LondonOpen__spreadlt-20__rsi-30_70__atrlt-350__rangelt-850__dir_prev10gt-500,rsi_sweep_london,1.7777777777777777,42.0,1.1666666666666667,5,0,add,1,210.0,90.0,1,False
combo__rsi_sweep_london__target-250__stop-80__horizon-15__session-LondonOpen__spreadlt-20__rsi-30_70__atrlt-350__rangelt-None__dir_prev10gt-500,combo,baseline + target=250;stop=80;horizon=15;session=London Open;spread<=20;rsi=30/70;atr<=350;range<=None;dir_prev10>-500,22,0.3013698630136986,7,15,0,0.3181818181818182,1.9851851851851852,60.45454545454545,1330.0,720.0,1.8472222222222223,8,12,-270.0,830.0,rsi_sweep_london__target-250__stop-80__horizon-15__session-LondonOpen__spreadlt-20__rsi-30_70__atrlt-350__rangelt-None__dir_prev10gt-500,rsi_sweep_london,1.7777777777777777,42.0,1.1666666666666667,5,0,add,1,210.0,90.0,1,False
combo__rsi_sweep_london__target-250__stop-80__horizon-15__session-LondonOpen__spreadlt-20__rsi-30_70__atrlt-450__rangelt-450__dir_prev10gt-500,combo,baseline + target=250;stop=80;horizon=15;session=London Open;spread<=20;rsi=30/70;atr<=450;range<=450;dir_prev10>-500,22,0.3013698630136986,7,15,0,0.3181818181818182,1.9851851851851852,60.45454545454545,1330.0,720.0,1.8472222222222223,8,12,-270.0,830.0,rsi_sweep_london__target-250__stop-80__horizon-15__session-LondonOpen__spreadlt-20__rsi-30_70__atrlt-450__rangelt-450__dir_prev10gt-500,rsi_sweep_london,1.7777777777777777,42.0,1.1666666666666667,5,0,add,1,210.0,90.0,1,False
combo__rsi_sweep_london__target-250__stop-80__horizon-15__session-LondonOpen__spreadlt-20__rsi-30_70__atrlt-450__rangelt-650__dir_prev10gt-500,combo,baseline + target=250;stop=80;horizon=15;session=London Open;spread<=20;rsi=30/70;atr<=450;range<=650;dir_prev10>-500,22,0.3013698630136986,7,15,0,0.3181818181818182,1.9851851851851852,60.45454545454545,1330.0,720.0,1.8472222222222223,8,12,-270.0,830.0,rsi_sweep_london__target-250__stop-80__horizon-15__session-LondonOpen__spreadlt-20__rsi-30_70__atrlt-450__rangelt-650__dir_prev10gt-500,rsi_sweep_london,1.7777777777777777,42.0,1.1666666666666667,5,0,add,1,210.0,90.0,1,False
combo__rsi_sweep_london__target-250__stop-120__horizon-10__session-LondonOpen__spreadlt-20__rsi-30_70__atrlt-350__rangelt-450__dir_prev10gt-500,combo,baseline + target=250;stop=120;horizon=10;session=London Open;spread<=20;rsi=30/70;atr<=350;range<=450;dir_prev10>-500,22,0.3013698630136986,7,14,1,0.3181818181818182,2.0,60.90909090909091,1340.0,760.0,1.763157894736842,8,12,-270.0,830.0,rsi_sweep_london__target-250__stop-120__horizon-10__session-LondonOpen__spreadlt-20__rsi-30_70__atrlt-350__rangelt-450__dir_prev10gt-500,rsi_sweep_london,1.8461538461538463,44.0,1.6923076923076923,5,0,add,0,220.0,130.0,1,False
combo__rsi_sweep_london__target-250__stop-120__horizon-10__session-LondonOpen__spreadlt-20__rsi-30_70__atrlt-350__rangelt-650__dir_prev10gt-500,combo,baseline + target=250;stop=120;horizon=10;session=London Open;spread<=20;rsi=30/70;atr<=350;range<=650;dir_prev10>-500,22,0.3013698630136986,7,14,1,0.3181818181818182,2.0,60.90909090909091,1340.0,760.0,1.763157894736842,8,12,-270.0,830.0,rsi_sweep_london__target-250__stop-120__horizon-10__session-LondonOpen__spreadlt-20__rsi-30_70__atrlt-350__rangelt-650__dir_prev10gt-500,rsi_sweep_london,1.8461538461538463,44.0,1.6923076923076923,5,0,add,0,220.0,130.0,1,False
combo__rsi_sweep_london__target-250__stop-120__horizon-10__session-LondonOpen__spreadlt-20__rsi-30_70__atrlt-350__rangelt-850__dir_prev10gt-500,combo,baseline + target=250;stop=120;horizon=10;session=London Open;spread<=20;rsi=30/70;atr<=350;range<=850;dir_prev10>-500,22,0.3013698630136986,7,14,1,0.3181818181818182,2.0,60.90909090909091,1340.0,760.0,1.763157894736842,8,12,-270.0,830.0,rsi_sweep_london__target-250__stop-120__horizon-10__session-LondonOpen__spreadlt-20__rsi-30_70__atrlt-350__rangelt-850__dir_prev10gt-500,rsi_sweep_london,1.8461538461538463,44.0,1.6923076923076923,5,0,add,0,220.0,130.0,1,False
combo__rsi_sweep_london__target-250__stop-120__horizon-10__session-LondonOpen__spreadlt-20__rsi-30_70__atrlt-350__rangelt-None__dir_prev10gt-500,combo,baseline + target=250;stop=120;horizon=10;session=London Open;spread<=20;rsi=30/70;atr<=350;range<=None;dir_prev10>-500,22,0.3013698630136986,7,14,1,0.3181818181818182,2.0,60.90909090909091,1340.0,760.0,1.763157894736842,8,12,-270.0,830.0,rsi_sweep_london__target-250__stop-120__horizon-10__session-LondonOpen__spreadlt-20__rsi-30_70__atrlt-350__rangelt-None__dir_prev10gt-500,rsi_sweep_london,1.8461538461538463,44.0,1.6923076923076923,5,0,add,0,220.0,130.0,1,False
combo__rsi_sweep_london__target-250__stop-120__horizon-10__session-LondonOpen__spreadlt-20__rsi-30_70__atrlt-450__rangelt-450__dir_prev10gt-500,combo,baseline + target=250;stop=120;horizon=10;session=London Open;spread<=20;rsi=30/70;atr<=450;range<=450;dir_prev10>-500,22,0.3013698630136986,7,14,1,0.3181818181818182,2.0,60.90909090909091,1340.0,760.0,1.763157894736842,8,12,-270.0,830.0,rsi_sweep_london__target-250__stop-120__horizon-10__session-LondonOpen__spreadlt-20__rsi-30_70__atrlt-450__rangelt-450__dir_prev10gt-500,rsi_sweep_london,1.8461538461538463,44.0,1.6923076923076923,5,0,add,0,220.0,130.0,1,False
combo__rsi_sweep_london__target-250__stop-120__horizon-10__session-LondonOpen__spreadlt-20__rsi-30_70__atrlt-450__rangelt-650__dir_prev10gt-500,combo,baseline + target=250;stop=120;horizon=10;session=London Open;spread<=20;rsi=30/70;atr<=450;range<=650;dir_prev10>-500,22,0.3013698630136986,7,14,1,0.3181818181818182,2.0,60.90909090909091,1340.0,760.0,1.763157894736842,8,12,-270.0,830.0,rsi_sweep_london__target-250__stop-120__horizon-10__session-LondonOpen__spreadlt-20__rsi-30_70__atrlt-450__rangelt-650__dir_prev10gt-500,rsi_sweep_london,1.8461538461538463,44.0,1.6923076923076923,5,0,add,0,220.0,130.0,1,False
combo__rsi_sweep_london__target-250__stop-120__horizon-10__session-LondonOpen__spreadlt-20__rsi-30_70__atrlt-450__rangelt-850__dir_prev10gt-500,combo,baseline + target=250;stop=120;horizon=10;session=London Open;spread<=20;rsi=30/70;atr<=450;range<=850;dir_prev10>-500,22,0.3013698630136986,7,14,1,0.3181818181818182,2.0,60.90909090909091,1340.0,760.0,1.763157894736842,8,12,-270.0,830.0,rsi_sweep_london__target-250__stop-120__horizon-10__session-LondonOpen__spreadlt-20__rsi-30_70__atrlt-450__rangelt-850__dir_prev10gt-500,rsi_sweep_london,1.8461538461538463,44.0,1.6923076923076923,5,0,add,0,220.0,130.0,1,False
combo__rsi_sweep_london__target-250__stop-120__horizon-10__session-LondonOpen__spreadlt-20__rsi-30_70__atrlt-450__rangelt-None__dir_prev10gt-500,combo,baseline + target=250;stop=120;horizon=10;session=London Open;spread<=20;rsi=30/70;atr<=450;range<=None;dir_prev10>-500,22,0.3013698630136986,7,14,1,0.3181818181818182,2.0,60.90909090909091,1340.0,760.0,1.763157894736842,8,12,-270.0,830.0,rsi_sweep_london__target-250__stop-120__horizon-10__session-LondonOpen__spreadlt-20__rsi-30_70__atrlt-450__rangelt-None__dir_prev10gt-500,rsi_sweep_london,1.8461538461538463,44.0,1.6923076923076923,5,0,add,0,220.0,130.0,1,False
combo__rsi_sweep_london__target-250__stop-120__horizon-10__session-LondonOpen__spreadlt-20__rsi-30_70__atrlt-None__rangelt-450__dir_prev10gt-500,combo,baseline + target=250;stop=120;horizon=10;session=London Open;spread<=20;rsi=30/70;atr<=None;range<=450;dir_prev10>-500,22,0.3013698630136986,7,14,1,0.3181818181818182,2.0,60.90909090909091,1340.0,760.0,1.763157894736842,8,12,-270.0,830.0,rsi_sweep_london__target-250__stop-120__horizon-10__session-LondonOpen__spreadlt-20__rsi-30_70__atrlt-None__rangelt-450__dir_prev10gt-500,rsi_sweep_london,1.8461538461538463,44.0,1.6923076923076923,5,0,add,0,220.0,130.0,1,False
combo__rsi_sweep_london__target-250__stop-120__horizon-10__session-LondonOpen__spreadlt-20__rsi-30_70__atrlt-None__rangelt-650__dir_prev10gt-500,combo,baseline + target=250;stop=120;horizon=10;session=London Open;spread<=20;rsi=30/70;atr<=None;range<=650;dir_prev10>-500,22,0.3013698630136986,7,14,1,0.3181818181818182,2.0,60.90909090909091,1340.0,760.0,1.763157894736842,8,12,-270.0,830.0,rsi_sweep_london__target-250__stop-120__horizon-10__session-LondonOpen__spreadlt-20__rsi-30_70__atrlt-None__rangelt-650__dir_prev10gt-500,rsi_sweep_london,1.8461538461538463,44.0,1.6923076923076923,5,0,add,0,220.0,130.0,1,False
combo__rsi_sweep_london__target-250__stop-120__horizon-10__session-LondonOpen__spreadlt-20__rsi-30_70__atrlt-None__rangelt-850__dir_prev10gt-500,combo,baseline + target=250;stop=120;horizon=10;session=London Open;spread<=20;rsi=30/70;atr<=None;range<=850;dir_prev10>-500,22,0.3013698630136986,7,14,1,0.3181818181818182,2.0,60.90909090909091,1340.0,760.0,1.763157894736842,8,12,-270.0,830.0,rsi_sweep_london__target-250__stop-120__horizon-10__session-LondonOpen__spreadlt-20__rsi-30_70__atrlt-None__rangelt-850__dir_prev10gt-500,rsi_sweep_london,1.8461538461538463,44.0,1.6923076923076923,5,0,add,0,220.0,130.0,1,False
combo__rsi_sweep_london__target-250__stop-120__horizon-10__session-LondonOpen__spreadlt-20__rsi-30_70__atrlt-None__rangelt-None__dir_prev10gt-500,combo,baseline + target=250;stop=120;horizon=10;session=London Open;spread<=20;rsi=30/70;atr<=None;range<=None;dir_prev10>-500,22,0.3013698630136986,7,14,1,0.3181818181818182,2.0,60.90909090909091,1340.0,760.0,1.763157894736842,8,12,-270.0,830.0,rsi_sweep_london__target-250__stop-120__horizon-10__session-LondonOpen__spreadlt-20__rsi-30_70__atrlt-None__rangelt-None__dir_prev10gt-500,rsi_sweep_london,1.8461538461538463,44.0,1.6923076923076923,5,0,add,0,220.0,130.0,1,False
