setup_id,family,params,trades,trades_per_active_day,wins,losses,unresolved,win_rate,profit_factor,expectancy_points,total_points,max_dd_points,profit_to_dd,max_losing_streak,active_trade_days,worst_day_points,best_day_points
failed_reversal_continuation__target-500__stop-150__horizon-15__session-NYOpen__spreadlt-20__atrgt-450__dir_prev10lt--100__body_atrgt-1p2__trend-False,failed_reversal_continuation,target=500;stop=150;horizon=15;session=NY Open;spread<=20;atr>=450;dir_prev10<=-100;body_atr>=1.2;trend=False,5,0.0684931506849315,4,1,0,0.8,12.25,360.0,1800.0,160.0,11.25,1,4,330.0,490.0
failed_reversal_continuation__target-500__stop-150__horizon-15__session-NYOpen__spreadlt-20__atrgt-450__dir_prev10lt--100__body_atrgt-None__trend-False,failed_reversal_continuation,target=500;stop=150;horizon=15;session=NY Open;spread<=20;atr>=450;dir_prev10<=-100;body_atr>=None;trend=False,5,0.0684931506849315,4,1,0,0.8,12.25,360.0,1800.0,160.0,11.25,1,4,330.0,490.0
failed_reversal_continuation__target-500__stop-150__horizon-30__session-NYOpen__spreadlt-20__atrgt-450__dir_prev10lt--100__body_atrgt-1p2__trend-False,failed_reversal_continuation,target=500;stop=150;horizon=30;session=NY Open;spread<=20;atr>=450;dir_prev10<=-100;body_atr>=1.2;trend=False,5,0.0684931506849315,4,1,0,0.8,12.25,360.0,1800.0,160.0,11.25,1,4,330.0,490.0
failed_reversal_continuation__target-500__stop-150__horizon-30__session-NYOpen__spreadlt-20__atrgt-450__dir_prev10lt--100__body_atrgt-None__trend-False,failed_reversal_continuation,target=500;stop=150;horizon=30;session=NY Open;spread<=20;atr>=450;dir_prev10<=-100;body_atr>=None;trend=False,5,0.0684931506849315,4,1,0,0.8,12.25,360.0,1800.0,160.0,11.25,1,4,330.0,490.0
failed_reversal_continuation__target-500__stop-150__horizon-45__session-NYOpen__spreadlt-20__atrgt-450__dir_prev10lt--100__body_atrgt-1p2__trend-False,failed_reversal_continuation,target=500;stop=150;horizon=45;session=NY Open;spread<=20;atr>=450;dir_prev10<=-100;body_atr>=1.2;trend=False,5,0.0684931506849315,4,1,0,0.8,12.25,360.0,1800.0,160.0,11.25,1,4,330.0,490.0
failed_reversal_continuation__target-500__stop-150__horizon-45__session-NYOpen__spreadlt-20__atrgt-450__dir_prev10lt--100__body_atrgt-None__trend-False,failed_reversal_continuation,target=500;stop=150;horizon=45;session=NY Open;spread<=20;atr>=450;dir_prev10<=-100;body_atr>=None;trend=False,5,0.0684931506849315,4,1,0,0.8,12.25,360.0,1800.0,160.0,11.25,1,4,330.0,490.0
failed_reversal_continuation__target-500__stop-150__horizon-60__session-NYOpen__spreadlt-20__atrgt-450__dir_prev10lt--100__body_atrgt-1p2__trend-False,failed_reversal_continuation,target=500;stop=150;horizon=60;session=NY Open;spread<=20;atr>=450;dir_prev10<=-100;body_atr>=1.2;trend=False,5,0.0684931506849315,4,1,0,0.8,12.25,360.0,1800.0,160.0,11.25,1,4,330.0,490.0
failed_reversal_continuation__target-500__stop-150__horizon-60__session-NYOpen__spreadlt-20__atrgt-450__dir_prev10lt--100__body_atrgt-None__trend-False,failed_reversal_continuation,target=500;stop=150;horizon=60;session=NY Open;spread<=20;atr>=450;dir_prev10<=-100;body_atr>=None;trend=False,5,0.0684931506849315,4,1,0,0.8,12.25,360.0,1800.0,160.0,11.25,1,4,330.0,490.0
failed_reversal_continuation__target-400__stop-150__horizon-15__session-NYOpen__spreadlt-20__atrgt-450__dir_prev10lt--100__body_atrgt-1p2__trend-False,failed_reversal_continuation,target=400;stop=150;horizon=15;session=NY Open;spread<=20;atr>=450;dir_prev10<=-100;body_atr>=1.2;trend=False,5,0.0684931506849315,4,1,0,0.8,9.75,280.0,1400.0,160.0,8.75,1,4,230.0,390.0
failed_reversal_continuation__target-400__stop-150__horizon-15__session-NYOpen__spreadlt-20__atrgt-450__dir_prev10lt--100__body_atrgt-None__trend-False,failed_reversal_continuation,target=400;stop=150;horizon=15;session=NY Open;spread<=20;atr>=450;dir_prev10<=-100;body_atr>=None;trend=False,5,0.0684931506849315,4,1,0,0.8,9.75,280.0,1400.0,160.0,8.75,1,4,230.0,390.0
failed_reversal_continuation__target-400__stop-150__horizon-30__session-NYOpen__spreadlt-20__atrgt-450__dir_prev10lt--100__body_atrgt-1p2__trend-False,failed_reversal_continuation,target=400;stop=150;horizon=30;session=NY Open;spread<=20;atr>=450;dir_prev10<=-100;body_atr>=1.2;trend=False,5,0.0684931506849315,4,1,0,0.8,9.75,280.0,1400.0,160.0,8.75,1,4,230.0,390.0
failed_reversal_continuation__target-400__stop-150__horizon-30__session-NYOpen__spreadlt-20__atrgt-450__dir_prev10lt--100__body_atrgt-None__trend-False,failed_reversal_continuation,target=400;stop=150;horizon=30;session=NY Open;spread<=20;atr>=450;dir_prev10<=-100;body_atr>=None;trend=False,5,0.0684931506849315,4,1,0,0.8,9.75,280.0,1400.0,160.0,8.75,1,4,230.0,390.0
failed_reversal_continuation__target-400__stop-150__horizon-45__session-NYOpen__spreadlt-20__atrgt-450__dir_prev10lt--100__body_atrgt-1p2__trend-False,failed_reversal_continuation,target=400;stop=150;horizon=45;session=NY Open;spread<=20;atr>=450;dir_prev10<=-100;body_atr>=1.2;trend=False,5,0.0684931506849315,4,1,0,0.8,9.75,280.0,1400.0,160.0,8.75,1,4,230.0,390.0
failed_reversal_continuation__target-400__stop-150__horizon-45__session-NYOpen__spreadlt-20__atrgt-450__dir_prev10lt--100__body_atrgt-None__trend-False,failed_reversal_continuation,target=400;stop=150;horizon=45;session=NY Open;spread<=20;atr>=450;dir_prev10<=-100;body_atr>=None;trend=False,5,0.0684931506849315,4,1,0,0.8,9.75,280.0,1400.0,160.0,8.75,1,4,230.0,390.0
failed_reversal_continuation__target-400__stop-150__horizon-60__session-NYOpen__spreadlt-20__atrgt-450__dir_prev10lt--100__body_atrgt-1p2__trend-False,failed_reversal_continuation,target=400;stop=150;horizon=60;session=NY Open;spread<=20;atr>=450;dir_prev10<=-100;body_atr>=1.2;trend=False,5,0.0684931506849315,4,1,0,0.8,9.75,280.0,1400.0,160.0,8.75,1,4,230.0,390.0
failed_reversal_continuation__target-400__stop-150__horizon-60__session-NYOpen__spreadlt-20__atrgt-450__dir_prev10lt--100__body_atrgt-None__trend-False,failed_reversal_continuation,target=400;stop=150;horizon=60;session=NY Open;spread<=20;atr>=450;dir_prev10<=-100;body_atr>=None;trend=False,5,0.0684931506849315,4,1,0,0.8,9.75,280.0,1400.0,160.0,8.75,1,4,230.0,390.0
failed_reversal_continuation__target-500__stop-200__horizon-15__session-NYOpen__spreadlt-20__atrgt-450__dir_prev10lt--100__body_atrgt-1p2__trend-False,failed_reversal_continuation,target=500;stop=200;horizon=15;session=NY Open;spread<=20;atr>=450;dir_prev10<=-100;body_atr>=1.2;trend=False,5,0.0684931506849315,4,1,0,0.8,9.333333333333334,350.0,1750.0,210.0,8.333333333333334,1,4,280.0,490.0
failed_reversal_continuation__target-500__stop-200__horizon-15__session-NYOpen__spreadlt-20__atrgt-450__dir_prev10lt--100__body_atrgt-None__trend-False,failed_reversal_continuation,target=500;stop=200;horizon=15;session=NY Open;spread<=20;atr>=450;dir_prev10<=-100;body_atr>=None;trend=False,5,0.0684931506849315,4,1,0,0.8,9.333333333333334,350.0,1750.0,210.0,8.333333333333334,1,4,280.0,490.0
failed_reversal_continuation__target-500__stop-200__horizon-30__session-NYOpen__spreadlt-20__atrgt-450__dir_prev10lt--100__body_atrgt-1p2__trend-False,failed_reversal_continuation,target=500;stop=200;horizon=30;session=NY Open;spread<=20;atr>=450;dir_prev10<=-100;body_atr>=1.2;trend=False,5,0.0684931506849315,4,1,0,0.8,9.333333333333334,350.0,1750.0,210.0,8.333333333333334,1,4,280.0,490.0
failed_reversal_continuation__target-500__stop-200__horizon-30__session-NYOpen__spreadlt-20__atrgt-450__dir_prev10lt--100__body_atrgt-None__trend-False,failed_reversal_continuation,target=500;stop=200;horizon=30;session=NY Open;spread<=20;atr>=450;dir_prev10<=-100;body_atr>=None;trend=False,5,0.0684931506849315,4,1,0,0.8,9.333333333333334,350.0,1750.0,210.0,8.333333333333334,1,4,280.0,490.0
failed_reversal_continuation__target-500__stop-200__horizon-45__session-NYOpen__spreadlt-20__atrgt-450__dir_prev10lt--100__body_atrgt-1p2__trend-False,failed_reversal_continuation,target=500;stop=200;horizon=45;session=NY Open;spread<=20;atr>=450;dir_prev10<=-100;body_atr>=1.2;trend=False,5,0.0684931506849315,4,1,0,0.8,9.333333333333334,350.0,1750.0,210.0,8.333333333333334,1,4,280.0,490.0
failed_reversal_continuation__target-500__stop-200__horizon-45__session-NYOpen__spreadlt-20__atrgt-450__dir_prev10lt--100__body_atrgt-None__trend-False,failed_reversal_continuation,target=500;stop=200;horizon=45;session=NY Open;spread<=20;atr>=450;dir_prev10<=-100;body_atr>=None;trend=False,5,0.0684931506849315,4,1,0,0.8,9.333333333333334,350.0,1750.0,210.0,8.333333333333334,1,4,280.0,490.0
failed_reversal_continuation__target-500__stop-200__horizon-60__session-NYOpen__spreadlt-20__atrgt-450__dir_prev10lt--100__body_atrgt-1p2__trend-False,failed_reversal_continuation,target=500;stop=200;horizon=60;session=NY Open;spread<=20;atr>=450;dir_prev10<=-100;body_atr>=1.2;trend=False,5,0.0684931506849315,4,1,0,0.8,9.333333333333334,350.0,1750.0,210.0,8.333333333333334,1,4,280.0,490.0
failed_reversal_continuation__target-500__stop-200__horizon-60__session-NYOpen__spreadlt-20__atrgt-450__dir_prev10lt--100__body_atrgt-None__trend-False,failed_reversal_continuation,target=500;stop=200;horizon=60;session=NY Open;spread<=20;atr>=450;dir_prev10<=-100;body_atr>=None;trend=False,5,0.0684931506849315,4,1,0,0.8,9.333333333333334,350.0,1750.0,210.0,8.333333333333334,1,4,280.0,490.0
failed_reversal_continuation__target-350__stop-150__horizon-15__session-NYOpen__spreadlt-20__atrgt-450__dir_prev10lt--100__body_atrgt-1p2__trend-False,failed_reversal_continuation,target=350;stop=150;horizon=15;session=NY Open;spread<=20;atr>=450;dir_prev10<=-100;body_atr>=1.2;trend=False,5,0.0684931506849315,4,1,0,0.8,8.5,240.0,1200.0,160.0,7.5,1,4,180.0,340.0
failed_reversal_continuation__target-350__stop-150__horizon-15__session-NYOpen__spreadlt-20__atrgt-450__dir_prev10lt--100__body_atrgt-None__trend-False,failed_reversal_continuation,target=350;stop=150;horizon=15;session=NY Open;spread<=20;atr>=450;dir_prev10<=-100;body_atr>=None;trend=False,5,0.0684931506849315,4,1,0,0.8,8.5,240.0,1200.0,160.0,7.5,1,4,180.0,340.0
failed_reversal_continuation__target-350__stop-150__horizon-30__session-NYOpen__spreadlt-20__atrgt-450__dir_prev10lt--100__body_atrgt-1p2__trend-False,failed_reversal_continuation,target=350;stop=150;horizon=30;session=NY Open;spread<=20;atr>=450;dir_prev10<=-100;body_atr>=1.2;trend=False,5,0.0684931506849315,4,1,0,0.8,8.5,240.0,1200.0,160.0,7.5,1,4,180.0,340.0
failed_reversal_continuation__target-350__stop-150__horizon-30__session-NYOpen__spreadlt-20__atrgt-450__dir_prev10lt--100__body_atrgt-None__trend-False,failed_reversal_continuation,target=350;stop=150;horizon=30;session=NY Open;spread<=20;atr>=450;dir_prev10<=-100;body_atr>=None;trend=False,5,0.0684931506849315,4,1,0,0.8,8.5,240.0,1200.0,160.0,7.5,1,4,180.0,340.0
failed_reversal_continuation__target-350__stop-150__horizon-45__session-NYOpen__spreadlt-20__atrgt-450__dir_prev10lt--100__body_atrgt-1p2__trend-False,failed_reversal_continuation,target=350;stop=150;horizon=45;session=NY Open;spread<=20;atr>=450;dir_prev10<=-100;body_atr>=1.2;trend=False,5,0.0684931506849315,4,1,0,0.8,8.5,240.0,1200.0,160.0,7.5,1,4,180.0,340.0
failed_reversal_continuation__target-350__stop-150__horizon-45__session-NYOpen__spreadlt-20__atrgt-450__dir_prev10lt--100__body_atrgt-None__trend-False,failed_reversal_continuation,target=350;stop=150;horizon=45;session=NY Open;spread<=20;atr>=450;dir_prev10<=-100;body_atr>=None;trend=False,5,0.0684931506849315,4,1,0,0.8,8.5,240.0,1200.0,160.0,7.5,1,4,180.0,340.0
ict_london_reversal__target-450__stop-80__horizon-10__session-LondonOpen__spreadlt-20__atrlt-279__dir_prev10gtNone__bodylt-450,ict_london_reversal,target=450;stop=80;horizon=10;session=London Open;spread<=20;atr<=279;dir_prev10>None;body<=450,6,0.0821917808219178,3,3,0,0.5,4.888888888888889,175.0,1050.0,270.0,3.888888888888889,3,3,-270.0,880.0
ict_london_reversal__target-450__stop-80__horizon-15__session-LondonOpen__spreadlt-20__atrlt-279__dir_prev10gtNone__bodylt-450,ict_london_reversal,target=450;stop=80;horizon=15;session=London Open;spread<=20;atr<=279;dir_prev10>None;body<=450,6,0.0821917808219178,3,3,0,0.5,4.888888888888889,175.0,1050.0,270.0,3.888888888888889,3,3,-270.0,880.0
ict_london_reversal__target-450__stop-80__horizon-30__session-LondonOpen__spreadlt-20__atrlt-279__dir_prev10gtNone__bodylt-450,ict_london_reversal,target=450;stop=80;horizon=30;session=London Open;spread<=20;atr<=279;dir_prev10>None;body<=450,6,0.0821917808219178,3,3,0,0.5,4.888888888888889,175.0,1050.0,270.0,3.888888888888889,3,3,-270.0,880.0
displacement_retrace__target-500__stop-60__horizon-15__session-NYOpen__spreadlt-20__retrace-0p5__timeout-10__atrlt-450__dir_prev10gt-500,displacement_retrace,target=500;stop=60;horizon=15;session=NY Open;spread<=20;retrace=0.5;timeout=10;atr<=450;dir_prev10>-500,5,0.0684931506849315,2,3,0,0.4,4.666666666666667,154.0,770.0,140.0,5.5,2,5,-70.0,490.0
displacement_retrace__target-500__stop-60__horizon-15__session-NYOpen__spreadlt-20__retrace-0p5__timeout-10__atrlt-450__dir_prev10gtNone,displacement_retrace,target=500;stop=60;horizon=15;session=NY Open;spread<=20;retrace=0.5;timeout=10;atr<=450;dir_prev10>None,5,0.0684931506849315,2,3,0,0.4,4.666666666666667,154.0,770.0,140.0,5.5,2,5,-70.0,490.0
displacement_retrace__target-500__stop-60__horizon-30__session-NYOpen__spreadlt-20__retrace-0p5__timeout-10__atrlt-450__dir_prev10gt-500,displacement_retrace,target=500;stop=60;horizon=30;session=NY Open;spread<=20;retrace=0.5;timeout=10;atr<=450;dir_prev10>-500,5,0.0684931506849315,2,3,0,0.4,4.666666666666667,154.0,770.0,140.0,5.5,2,5,-70.0,490.0
displacement_retrace__target-500__stop-60__horizon-30__session-NYOpen__spreadlt-20__retrace-0p5__timeout-10__atrlt-450__dir_prev10gtNone,displacement_retrace,target=500;stop=60;horizon=30;session=NY Open;spread<=20;retrace=0.5;timeout=10;atr<=450;dir_prev10>None,5,0.0684931506849315,2,3,0,0.4,4.666666666666667,154.0,770.0,140.0,5.5,2,5,-70.0,490.0
displacement_retrace__target-500__stop-60__horizon-45__session-NYOpen__spreadlt-20__retrace-0p5__timeout-10__atrlt-450__dir_prev10gt-500,displacement_retrace,target=500;stop=60;horizon=45;session=NY Open;spread<=20;retrace=0.5;timeout=10;atr<=450;dir_prev10>-500,5,0.0684931506849315,2,3,0,0.4,4.666666666666667,154.0,770.0,140.0,5.5,2,5,-70.0,490.0
displacement_retrace__target-500__stop-60__horizon-45__session-NYOpen__spreadlt-20__retrace-0p5__timeout-10__atrlt-450__dir_prev10gtNone,displacement_retrace,target=500;stop=60;horizon=45;session=NY Open;spread<=20;retrace=0.5;timeout=10;atr<=450;dir_prev10>None,5,0.0684931506849315,2,3,0,0.4,4.666666666666667,154.0,770.0,140.0,5.5,2,5,-70.0,490.0
ict_london_reversal__target-400__stop-80__horizon-10__session-LondonOpen__spreadlt-20__atrlt-279__dir_prev10gtNone__bodylt-450,ict_london_reversal,target=400;stop=80;horizon=10;session=London Open;spread<=20;atr<=279;dir_prev10>None;body<=450,6,0.0821917808219178,3,3,0,0.5,4.333333333333333,150.0,900.0,270.0,3.3333333333333335,3,3,-270.0,780.0
ict_london_reversal__target-400__stop-80__horizon-15__session-LondonOpen__spreadlt-20__atrlt-279__dir_prev10gtNone__bodylt-450,ict_london_reversal,target=400;stop=80;horizon=15;session=London Open;spread<=20;atr<=279;dir_prev10>None;body<=450,6,0.0821917808219178,3,3,0,0.5,4.333333333333333,150.0,900.0,270.0,3.3333333333333335,3,3,-270.0,780.0
ict_london_reversal__target-400__stop-80__horizon-30__session-LondonOpen__spreadlt-20__atrlt-279__dir_prev10gtNone__bodylt-450,ict_london_reversal,target=400;stop=80;horizon=30;session=London Open;spread<=20;atr<=279;dir_prev10>None;body<=450,6,0.0821917808219178,3,3,0,0.5,4.333333333333333,150.0,900.0,270.0,3.3333333333333335,3,3,-270.0,780.0
displacement_retrace__target-450__stop-60__horizon-15__session-NYOpen__spreadlt-20__retrace-0p5__timeout-10__atrlt-450__dir_prev10gt-500,displacement_retrace,target=450;stop=60;horizon=15;session=NY Open;spread<=20;retrace=0.5;timeout=10;atr<=450;dir_prev10>-500,5,0.0684931506849315,2,3,0,0.4,4.190476190476191,134.0,670.0,140.0,4.785714285714286,2,5,-70.0,440.0
displacement_retrace__target-450__stop-60__horizon-15__session-NYOpen__spreadlt-20__retrace-0p5__timeout-10__atrlt-450__dir_prev10gtNone,displacement_retrace,target=450;stop=60;horizon=15;session=NY Open;spread<=20;retrace=0.5;timeout=10;atr<=450;dir_prev10>None,5,0.0684931506849315,2,3,0,0.4,4.190476190476191,134.0,670.0,140.0,4.785714285714286,2,5,-70.0,440.0
displacement_retrace__target-450__stop-60__horizon-30__session-NYOpen__spreadlt-20__retrace-0p5__timeout-10__atrlt-450__dir_prev10gt-500,displacement_retrace,target=450;stop=60;horizon=30;session=NY Open;spread<=20;retrace=0.5;timeout=10;atr<=450;dir_prev10>-500,5,0.0684931506849315,2,3,0,0.4,4.190476190476191,134.0,670.0,140.0,4.785714285714286,2,5,-70.0,440.0
displacement_retrace__target-450__stop-60__horizon-30__session-NYOpen__spreadlt-20__retrace-0p5__timeout-10__atrlt-450__dir_prev10gtNone,displacement_retrace,target=450;stop=60;horizon=30;session=NY Open;spread<=20;retrace=0.5;timeout=10;atr<=450;dir_prev10>None,5,0.0684931506849315,2,3,0,0.4,4.190476190476191,134.0,670.0,140.0,4.785714285714286,2,5,-70.0,440.0
displacement_retrace__target-450__stop-60__horizon-45__session-NYOpen__spreadlt-20__retrace-0p5__timeout-10__atrlt-450__dir_prev10gt-500,displacement_retrace,target=450;stop=60;horizon=45;session=NY Open;spread<=20;retrace=0.5;timeout=10;atr<=450;dir_prev10>-500,5,0.0684931506849315,2,3,0,0.4,4.190476190476191,134.0,670.0,140.0,4.785714285714286,2,5,-70.0,440.0
displacement_retrace__target-450__stop-60__horizon-45__session-NYOpen__spreadlt-20__retrace-0p5__timeout-10__atrlt-450__dir_prev10gtNone,displacement_retrace,target=450;stop=60;horizon=45;session=NY Open;spread<=20;retrace=0.5;timeout=10;atr<=450;dir_prev10>None,5,0.0684931506849315,2,3,0,0.4,4.190476190476191,134.0,670.0,140.0,4.785714285714286,2,5,-70.0,440.0
ict_london_reversal__target-450__stop-100__horizon-10__session-LondonOpen__spreadlt-20__atrlt-279__dir_prev10gtNone__bodylt-450,ict_london_reversal,target=450;stop=100;horizon=10;session=London Open;spread<=20;atr<=279;dir_prev10>None;body<=450,6,0.0821917808219178,3,3,0,0.5,4.0,165.0,990.0,330.0,3.0,3,3,-330.0,880.0
ict_london_reversal__target-450__stop-100__horizon-15__session-LondonOpen__spreadlt-20__atrlt-279__dir_prev10gtNone__bodylt-450,ict_london_reversal,target=450;stop=100;horizon=15;session=London Open;spread<=20;atr<=279;dir_prev10>None;body<=450,6,0.0821917808219178,3,3,0,0.5,4.0,165.0,990.0,330.0,3.0,3,3,-330.0,880.0
ict_london_reversal__target-450__stop-100__horizon-30__session-LondonOpen__spreadlt-20__atrlt-279__dir_prev10gtNone__bodylt-450,ict_london_reversal,target=450;stop=100;horizon=30;session=London Open;spread<=20;atr<=279;dir_prev10>None;body<=450,6,0.0821917808219178,3,3,0,0.5,4.0,165.0,990.0,330.0,3.0,3,3,-330.0,880.0
ict_london_reversal__target-350__stop-80__horizon-10__session-LondonOpen__spreadlt-20__atrlt-279__dir_prev10gtNone__bodylt-450,ict_london_reversal,target=350;stop=80;horizon=10;session=London Open;spread<=20;atr<=279;dir_prev10>None;body<=450,6,0.0821917808219178,3,3,0,0.5,3.7777777777777777,125.0,750.0,270.0,2.7777777777777777,3,3,-270.0,680.0
ict_london_reversal__target-350__stop-80__horizon-15__session-LondonOpen__spreadlt-20__atrlt-279__dir_prev10gtNone__bodylt-450,ict_london_reversal,target=350;stop=80;horizon=15;session=London Open;spread<=20;atr<=279;dir_prev10>None;body<=450,6,0.0821917808219178,3,3,0,0.5,3.7777777777777777,125.0,750.0,270.0,2.7777777777777777,3,3,-270.0,680.0
ict_london_reversal__target-350__stop-80__horizon-30__session-LondonOpen__spreadlt-20__atrlt-279__dir_prev10gtNone__bodylt-450,ict_london_reversal,target=350;stop=80;horizon=30;session=London Open;spread<=20;atr<=279;dir_prev10>None;body<=450,6,0.0821917808219178,3,3,0,0.5,3.7777777777777777,125.0,750.0,270.0,2.7777777777777777,3,3,-270.0,680.0
displacement_retrace__target-400__stop-60__horizon-15__session-NYOpen__spreadlt-20__retrace-0p5__timeout-10__atrlt-450__dir_prev10gt-500,displacement_retrace,target=400;stop=60;horizon=15;session=NY Open;spread<=20;retrace=0.5;timeout=10;atr<=450;dir_prev10>-500,5,0.0684931506849315,2,3,0,0.4,3.7142857142857144,114.0,570.0,140.0,4.071428571428571,2,5,-70.0,390.0
displacement_retrace__target-400__stop-60__horizon-15__session-NYOpen__spreadlt-20__retrace-0p5__timeout-10__atrlt-450__dir_prev10gtNone,displacement_retrace,target=400;stop=60;horizon=15;session=NY Open;spread<=20;retrace=0.5;timeout=10;atr<=450;dir_prev10>None,5,0.0684931506849315,2,3,0,0.4,3.7142857142857144,114.0,570.0,140.0,4.071428571428571,2,5,-70.0,390.0
displacement_retrace__target-400__stop-60__horizon-30__session-NYOpen__spreadlt-20__retrace-0p5__timeout-10__atrlt-450__dir_prev10gt-500,displacement_retrace,target=400;stop=60;horizon=30;session=NY Open;spread<=20;retrace=0.5;timeout=10;atr<=450;dir_prev10>-500,5,0.0684931506849315,2,3,0,0.4,3.7142857142857144,114.0,570.0,140.0,4.071428571428571,2,5,-70.0,390.0
displacement_retrace__target-400__stop-60__horizon-30__session-NYOpen__spreadlt-20__retrace-0p5__timeout-10__atrlt-450__dir_prev10gtNone,displacement_retrace,target=400;stop=60;horizon=30;session=NY Open;spread<=20;retrace=0.5;timeout=10;atr<=450;dir_prev10>None,5,0.0684931506849315,2,3,0,0.4,3.7142857142857144,114.0,570.0,140.0,4.071428571428571,2,5,-70.0,390.0
displacement_retrace__target-400__stop-60__horizon-45__session-NYOpen__spreadlt-20__retrace-0p5__timeout-10__atrlt-450__dir_prev10gt-500,displacement_retrace,target=400;stop=60;horizon=45;session=NY Open;spread<=20;retrace=0.5;timeout=10;atr<=450;dir_prev10>-500,5,0.0684931506849315,2,3,0,0.4,3.7142857142857144,114.0,570.0,140.0,4.071428571428571,2,5,-70.0,390.0
displacement_retrace__target-400__stop-60__horizon-45__session-NYOpen__spreadlt-20__retrace-0p5__timeout-10__atrlt-450__dir_prev10gtNone,displacement_retrace,target=400;stop=60;horizon=45;session=NY Open;spread<=20;retrace=0.5;timeout=10;atr<=450;dir_prev10>None,5,0.0684931506849315,2,3,0,0.4,3.7142857142857144,114.0,570.0,140.0,4.071428571428571,2,5,-70.0,390.0
ict_london_reversal__target-450__stop-80__horizon-10__session-LondonOpen__spreadlt-20__atrlt-279__dir_prev10gtNone__bodylt-650,ict_london_reversal,target=450;stop=80;horizon=10;session=London Open;spread<=20;atr<=279;dir_prev10>None;body<=650,7,0.0958904109589041,3,4,0,0.42857142857142855,3.6666666666666665,137.14285714285714,960.0,360.0,2.6666666666666665,4,4,-270.0,880.0
ict_london_reversal__target-450__stop-80__horizon-10__session-LondonOpen__spreadlt-20__atrlt-279__dir_prev10gtNone__bodylt-850,ict_london_reversal,target=450;stop=80;horizon=10;session=London Open;spread<=20;atr<=279;dir_prev10>None;body<=850,7,0.0958904109589041,3,4,0,0.42857142857142855,3.6666666666666665,137.14285714285714,960.0,360.0,2.6666666666666665,4,4,-270.0,880.0
ict_london_reversal__target-450__stop-80__horizon-10__session-LondonOpen__spreadlt-20__atrlt-279__dir_prev10gtNone__bodylt-None,ict_london_reversal,target=450;stop=80;horizon=10;session=London Open;spread<=20;atr<=279;dir_prev10>None;body<=None,7,0.0958904109589041,3,4,0,0.42857142857142855,3.6666666666666665,137.14285714285714,960.0,360.0,2.6666666666666665,4,4,-270.0,880.0
ict_london_reversal__target-450__stop-80__horizon-10__session-LondonOpen__spreadlt-20__atrlt-350__dir_prev10gtNone__bodylt-450,ict_london_reversal,target=450;stop=80;horizon=10;session=London Open;spread<=20;atr<=350;dir_prev10>None;body<=450,7,0.0958904109589041,3,4,0,0.42857142857142855,3.6666666666666665,137.14285714285714,960.0,360.0,2.6666666666666665,4,4,-270.0,880.0
ict_london_reversal__target-450__stop-80__horizon-15__session-LondonOpen__spreadlt-20__atrlt-279__dir_prev10gtNone__bodylt-650,ict_london_reversal,target=450;stop=80;horizon=15;session=London Open;spread<=20;atr<=279;dir_prev10>None;body<=650,7,0.0958904109589041,3,4,0,0.42857142857142855,3.6666666666666665,137.14285714285714,960.0,360.0,2.6666666666666665,4,4,-270.0,880.0
ict_london_reversal__target-450__stop-80__horizon-15__session-LondonOpen__spreadlt-20__atrlt-279__dir_prev10gtNone__bodylt-850,ict_london_reversal,target=450;stop=80;horizon=15;session=London Open;spread<=20;atr<=279;dir_prev10>None;body<=850,7,0.0958904109589041,3,4,0,0.42857142857142855,3.6666666666666665,137.14285714285714,960.0,360.0,2.6666666666666665,4,4,-270.0,880.0
ict_london_reversal__target-450__stop-80__horizon-15__session-LondonOpen__spreadlt-20__atrlt-279__dir_prev10gtNone__bodylt-None,ict_london_reversal,target=450;stop=80;horizon=15;session=London Open;spread<=20;atr<=279;dir_prev10>None;body<=None,7,0.0958904109589041,3,4,0,0.42857142857142855,3.6666666666666665,137.14285714285714,960.0,360.0,2.6666666666666665,4,4,-270.0,880.0
ict_london_reversal__target-450__stop-80__horizon-15__session-LondonOpen__spreadlt-20__atrlt-350__dir_prev10gtNone__bodylt-450,ict_london_reversal,target=450;stop=80;horizon=15;session=London Open;spread<=20;atr<=350;dir_prev10>None;body<=450,7,0.0958904109589041,3,4,0,0.42857142857142855,3.6666666666666665,137.14285714285714,960.0,360.0,2.6666666666666665,4,4,-270.0,880.0
ict_london_reversal__target-450__stop-80__horizon-30__session-LondonOpen__spreadlt-20__atrlt-279__dir_prev10gtNone__bodylt-650,ict_london_reversal,target=450;stop=80;horizon=30;session=London Open;spread<=20;atr<=279;dir_prev10>None;body<=650,7,0.0958904109589041,3,4,0,0.42857142857142855,3.6666666666666665,137.14285714285714,960.0,360.0,2.6666666666666665,4,4,-270.0,880.0
ict_london_reversal__target-450__stop-80__horizon-30__session-LondonOpen__spreadlt-20__atrlt-279__dir_prev10gtNone__bodylt-850,ict_london_reversal,target=450;stop=80;horizon=30;session=London Open;spread<=20;atr<=279;dir_prev10>None;body<=850,7,0.0958904109589041,3,4,0,0.42857142857142855,3.6666666666666665,137.14285714285714,960.0,360.0,2.6666666666666665,4,4,-270.0,880.0
ict_london_reversal__target-450__stop-80__horizon-30__session-LondonOpen__spreadlt-20__atrlt-279__dir_prev10gtNone__bodylt-None,ict_london_reversal,target=450;stop=80;horizon=30;session=London Open;spread<=20;atr<=279;dir_prev10>None;body<=None,7,0.0958904109589041,3,4,0,0.42857142857142855,3.6666666666666665,137.14285714285714,960.0,360.0,2.6666666666666665,4,4,-270.0,880.0
ict_london_reversal__target-450__stop-80__horizon-30__session-LondonOpen__spreadlt-20__atrlt-350__dir_prev10gtNone__bodylt-450,ict_london_reversal,target=450;stop=80;horizon=30;session=London Open;spread<=20;atr<=350;dir_prev10>None;body<=450,7,0.0958904109589041,3,4,0,0.42857142857142855,3.6666666666666665,137.14285714285714,960.0,360.0,2.6666666666666665,4,4,-270.0,880.0
displacement_retrace__target-500__stop-80__horizon-15__session-NYOpen__spreadlt-20__retrace-0p5__timeout-10__atrlt-450__dir_prev10gt-500,displacement_retrace,target=500;stop=80;horizon=15;session=NY Open;spread<=20;retrace=0.5;timeout=10;atr<=450;dir_prev10>-500,5,0.0684931506849315,2,3,0,0.4,3.6296296296296298,142.0,710.0,180.0,3.9444444444444446,2,5,-90.0,490.0
displacement_retrace__target-500__stop-80__horizon-15__session-NYOpen__spreadlt-20__retrace-0p5__timeout-10__atrlt-450__dir_prev10gtNone,displacement_retrace,target=500;stop=80;horizon=15;session=NY Open;spread<=20;retrace=0.5;timeout=10;atr<=450;dir_prev10>None,5,0.0684931506849315,2,3,0,0.4,3.6296296296296298,142.0,710.0,180.0,3.9444444444444446,2,5,-90.0,490.0
displacement_retrace__target-500__stop-80__horizon-30__session-NYOpen__spreadlt-20__retrace-0p5__timeout-10__atrlt-450__dir_prev10gt-500,displacement_retrace,target=500;stop=80;horizon=30;session=NY Open;spread<=20;retrace=0.5;timeout=10;atr<=450;dir_prev10>-500,5,0.0684931506849315,2,3,0,0.4,3.6296296296296298,142.0,710.0,180.0,3.9444444444444446,2,5,-90.0,490.0
displacement_retrace__target-500__stop-80__horizon-30__session-NYOpen__spreadlt-20__retrace-0p5__timeout-10__atrlt-450__dir_prev10gtNone,displacement_retrace,target=500;stop=80;horizon=30;session=NY Open;spread<=20;retrace=0.5;timeout=10;atr<=450;dir_prev10>None,5,0.0684931506849315,2,3,0,0.4,3.6296296296296298,142.0,710.0,180.0,3.9444444444444446,2,5,-90.0,490.0
displacement_retrace__target-500__stop-80__horizon-45__session-NYOpen__spreadlt-20__retrace-0p5__timeout-10__atrlt-450__dir_prev10gt-500,displacement_retrace,target=500;stop=80;horizon=45;session=NY Open;spread<=20;retrace=0.5;timeout=10;atr<=450;dir_prev10>-500,5,0.0684931506849315,2,3,0,0.4,3.6296296296296298,142.0,710.0,180.0,3.9444444444444446,2,5,-90.0,490.0
displacement_retrace__target-500__stop-80__horizon-45__session-NYOpen__spreadlt-20__retrace-0p5__timeout-10__atrlt-450__dir_prev10gtNone,displacement_retrace,target=500;stop=80;horizon=45;session=NY Open;spread<=20;retrace=0.5;timeout=10;atr<=450;dir_prev10>None,5,0.0684931506849315,2,3,0,0.4,3.6296296296296298,142.0,710.0,180.0,3.9444444444444446,2,5,-90.0,490.0
ict_london_reversal__target-400__stop-100__horizon-10__session-LondonOpen__spreadlt-20__atrlt-279__dir_prev10gtNone__bodylt-450,ict_london_reversal,target=400;stop=100;horizon=10;session=London Open;spread<=20;atr<=279;dir_prev10>None;body<=450,6,0.0821917808219178,3,3,0,0.5,3.5454545454545454,140.0,840.0,330.0,2.5454545454545454,3,3,-330.0,780.0
ict_london_reversal__target-400__stop-100__horizon-15__session-LondonOpen__spreadlt-20__atrlt-279__dir_prev10gtNone__bodylt-450,ict_london_reversal,target=400;stop=100;horizon=15;session=London Open;spread<=20;atr<=279;dir_prev10>None;body<=450,6,0.0821917808219178,3,3,0,0.5,3.5454545454545454,140.0,840.0,330.0,2.5454545454545454,3,3,-330.0,780.0
ict_london_reversal__target-400__stop-100__horizon-30__session-LondonOpen__spreadlt-20__atrlt-279__dir_prev10gtNone__bodylt-450,ict_london_reversal,target=400;stop=100;horizon=30;session=London Open;spread<=20;atr<=279;dir_prev10>None;body<=450,6,0.0821917808219178,3,3,0,0.5,3.5454545454545454,140.0,840.0,330.0,2.5454545454545454,3,3,-330.0,780.0
ict_london_reversal__target-450__stop-120__horizon-10__session-LondonOpen__spreadlt-20__atrlt-279__dir_prev10gtNone__bodylt-450,ict_london_reversal,target=450;stop=120;horizon=10;session=London Open;spread<=20;atr<=279;dir_prev10>None;body<=450,6,0.0821917808219178,3,3,0,0.5,3.3846153846153846,155.0,930.0,390.0,2.3846153846153846,3,3,-390.0,880.0
ict_london_reversal__target-450__stop-120__horizon-15__session-LondonOpen__spreadlt-20__atrlt-279__dir_prev10gtNone__bodylt-450,ict_london_reversal,target=450;stop=120;horizon=15;session=London Open;spread<=20;atr<=279;dir_prev10>None;body<=450,6,0.0821917808219178,3,3,0,0.5,3.3846153846153846,155.0,930.0,390.0,2.3846153846153846,3,3,-390.0,880.0
ict_london_reversal__target-450__stop-120__horizon-30__session-LondonOpen__spreadlt-20__atrlt-279__dir_prev10gtNone__bodylt-450,ict_london_reversal,target=450;stop=120;horizon=30;session=London Open;spread<=20;atr<=279;dir_prev10>None;body<=450,6,0.0821917808219178,3,3,0,0.5,3.3846153846153846,155.0,930.0,390.0,2.3846153846153846,3,3,-390.0,880.0
displacement_retrace__target-450__stop-80__horizon-15__session-NYOpen__spreadlt-20__retrace-0p5__timeout-10__atrlt-450__dir_prev10gt-500,displacement_retrace,target=450;stop=80;horizon=15;session=NY Open;spread<=20;retrace=0.5;timeout=10;atr<=450;dir_prev10>-500,5,0.0684931506849315,2,3,0,0.4,3.259259259259259,122.0,610.0,180.0,3.388888888888889,2,5,-90.0,440.0
displacement_retrace__target-450__stop-80__horizon-15__session-NYOpen__spreadlt-20__retrace-0p5__timeout-10__atrlt-450__dir_prev10gtNone,displacement_retrace,target=450;stop=80;horizon=15;session=NY Open;spread<=20;retrace=0.5;timeout=10;atr<=450;dir_prev10>None,5,0.0684931506849315,2,3,0,0.4,3.259259259259259,122.0,610.0,180.0,3.388888888888889,2,5,-90.0,440.0
displacement_retrace__target-450__stop-80__horizon-30__session-NYOpen__spreadlt-20__retrace-0p5__timeout-10__atrlt-450__dir_prev10gt-500,displacement_retrace,target=450;stop=80;horizon=30;session=NY Open;spread<=20;retrace=0.5;timeout=10;atr<=450;dir_prev10>-500,5,0.0684931506849315,2,3,0,0.4,3.259259259259259,122.0,610.0,180.0,3.388888888888889,2,5,-90.0,440.0
displacement_retrace__target-450__stop-80__horizon-30__session-NYOpen__spreadlt-20__retrace-0p5__timeout-10__atrlt-450__dir_prev10gtNone,displacement_retrace,target=450;stop=80;horizon=30;session=NY Open;spread<=20;retrace=0.5;timeout=10;atr<=450;dir_prev10>None,5,0.0684931506849315,2,3,0,0.4,3.259259259259259,122.0,610.0,180.0,3.388888888888889,2,5,-90.0,440.0
displacement_retrace__target-450__stop-80__horizon-45__session-NYOpen__spreadlt-20__retrace-0p5__timeout-10__atrlt-450__dir_prev10gt-500,displacement_retrace,target=450;stop=80;horizon=45;session=NY Open;spread<=20;retrace=0.5;timeout=10;atr<=450;dir_prev10>-500,5,0.0684931506849315,2,3,0,0.4,3.259259259259259,122.0,610.0,180.0,3.388888888888889,2,5,-90.0,440.0
displacement_retrace__target-450__stop-80__horizon-45__session-NYOpen__spreadlt-20__retrace-0p5__timeout-10__atrlt-450__dir_prev10gtNone,displacement_retrace,target=450;stop=80;horizon=45;session=NY Open;spread<=20;retrace=0.5;timeout=10;atr<=450;dir_prev10>None,5,0.0684931506849315,2,3,0,0.4,3.259259259259259,122.0,610.0,180.0,3.388888888888889,2,5,-90.0,440.0
rsi_sweep_london__target-250__stop-120__horizon-10__session-LondonOpen__spreadlt-20__rsi-30_70__atrlt-350__rangelt-450__dir_prev10gt-500,rsi_sweep_london,target=250;stop=120;horizon=10;session=London Open;spread<=20;rsi=30/70;atr<=350;range<=450;dir_prev10>-500,5,0.0684931506849315,2,2,1,0.4,1.8461538461538463,44.0,220.0,130.0,1.6923076923076923,1,4,-130.0,480.0
rsi_sweep_london__target-250__stop-120__horizon-10__session-LondonOpen__spreadlt-20__rsi-30_70__atrlt-350__rangelt-650__dir_prev10gt-500,rsi_sweep_london,target=250;stop=120;horizon=10;session=London Open;spread<=20;rsi=30/70;atr<=350;range<=650;dir_prev10>-500,5,0.0684931506849315,2,2,1,0.4,1.8461538461538463,44.0,220.0,130.0,1.6923076923076923,1,4,-130.0,480.0
rsi_sweep_london__target-250__stop-120__horizon-10__session-LondonOpen__spreadlt-20__rsi-30_70__atrlt-350__rangelt-850__dir_prev10gt-500,rsi_sweep_london,target=250;stop=120;horizon=10;session=London Open;spread<=20;rsi=30/70;atr<=350;range<=850;dir_prev10>-500,5,0.0684931506849315,2,2,1,0.4,1.8461538461538463,44.0,220.0,130.0,1.6923076923076923,1,4,-130.0,480.0
rsi_sweep_london__target-250__stop-120__horizon-10__session-LondonOpen__spreadlt-20__rsi-30_70__atrlt-350__rangelt-None__dir_prev10gt-500,rsi_sweep_london,target=250;stop=120;horizon=10;session=London Open;spread<=20;rsi=30/70;atr<=350;range<=None;dir_prev10>-500,5,0.0684931506849315,2,2,1,0.4,1.8461538461538463,44.0,220.0,130.0,1.6923076923076923,1,4,-130.0,480.0
rsi_sweep_london__target-250__stop-120__horizon-10__session-LondonOpen__spreadlt-20__rsi-30_70__atrlt-450__rangelt-450__dir_prev10gt-500,rsi_sweep_london,target=250;stop=120;horizon=10;session=London Open;spread<=20;rsi=30/70;atr<=450;range<=450;dir_prev10>-500,5,0.0684931506849315,2,2,1,0.4,1.8461538461538463,44.0,220.0,130.0,1.6923076923076923,1,4,-130.0,480.0
rsi_sweep_london__target-250__stop-120__horizon-10__session-LondonOpen__spreadlt-20__rsi-30_70__atrlt-450__rangelt-650__dir_prev10gt-500,rsi_sweep_london,target=250;stop=120;horizon=10;session=London Open;spread<=20;rsi=30/70;atr<=450;range<=650;dir_prev10>-500,5,0.0684931506849315,2,2,1,0.4,1.8461538461538463,44.0,220.0,130.0,1.6923076923076923,1,4,-130.0,480.0
rsi_sweep_london__target-250__stop-120__horizon-10__session-LondonOpen__spreadlt-20__rsi-30_70__atrlt-450__rangelt-850__dir_prev10gt-500,rsi_sweep_london,target=250;stop=120;horizon=10;session=London Open;spread<=20;rsi=30/70;atr<=450;range<=850;dir_prev10>-500,5,0.0684931506849315,2,2,1,0.4,1.8461538461538463,44.0,220.0,130.0,1.6923076923076923,1,4,-130.0,480.0
rsi_sweep_london__target-250__stop-120__horizon-10__session-LondonOpen__spreadlt-20__rsi-30_70__atrlt-450__rangelt-None__dir_prev10gt-500,rsi_sweep_london,target=250;stop=120;horizon=10;session=London Open;spread<=20;rsi=30/70;atr<=450;range<=None;dir_prev10>-500,5,0.0684931506849315,2,2,1,0.4,1.8461538461538463,44.0,220.0,130.0,1.6923076923076923,1,4,-130.0,480.0
rsi_sweep_london__target-250__stop-120__horizon-10__session-LondonOpen__spreadlt-20__rsi-30_70__atrlt-None__rangelt-450__dir_prev10gt-500,rsi_sweep_london,target=250;stop=120;horizon=10;session=London Open;spread<=20;rsi=30/70;atr<=None;range<=450;dir_prev10>-500,5,0.0684931506849315,2,2,1,0.4,1.8461538461538463,44.0,220.0,130.0,1.6923076923076923,1,4,-130.0,480.0
rsi_sweep_london__target-250__stop-120__horizon-10__session-LondonOpen__spreadlt-20__rsi-30_70__atrlt-None__rangelt-650__dir_prev10gt-500,rsi_sweep_london,target=250;stop=120;horizon=10;session=London Open;spread<=20;rsi=30/70;atr<=None;range<=650;dir_prev10>-500,5,0.0684931506849315,2,2,1,0.4,1.8461538461538463,44.0,220.0,130.0,1.6923076923076923,1,4,-130.0,480.0
rsi_sweep_london__target-250__stop-120__horizon-10__session-LondonOpen__spreadlt-20__rsi-30_70__atrlt-None__rangelt-850__dir_prev10gt-500,rsi_sweep_london,target=250;stop=120;horizon=10;session=London Open;spread<=20;rsi=30/70;atr<=None;range<=850;dir_prev10>-500,5,0.0684931506849315,2,2,1,0.4,1.8461538461538463,44.0,220.0,130.0,1.6923076923076923,1,4,-130.0,480.0
rsi_sweep_london__target-250__stop-120__horizon-10__session-LondonOpen__spreadlt-20__rsi-30_70__atrlt-None__rangelt-None__dir_prev10gt-500,rsi_sweep_london,target=250;stop=120;horizon=10;session=London Open;spread<=20;rsi=30/70;atr<=None;range<=None;dir_prev10>-500,5,0.0684931506849315,2,2,1,0.4,1.8461538461538463,44.0,220.0,130.0,1.6923076923076923,1,4,-130.0,480.0
rsi_sweep_london__target-250__stop-80__horizon-10__session-LondonOpen__spreadlt-20__rsi-30_70__atrlt-350__rangelt-450__dir_prev10gt-500,rsi_sweep_london,target=250;stop=80;horizon=10;session=London Open;spread<=20;rsi=30/70;atr<=350;range<=450;dir_prev10>-500,5,0.0684931506849315,2,3,0,0.4,1.7777777777777777,42.0,210.0,180.0,1.1666666666666667,2,4,-90.0,480.0
rsi_sweep_london__target-250__stop-80__horizon-10__session-LondonOpen__spreadlt-20__rsi-30_70__atrlt-350__rangelt-650__dir_prev10gt-500,rsi_sweep_london,target=250;stop=80;horizon=10;session=London Open;spread<=20;rsi=30/70;atr<=350;range<=650;dir_prev10>-500,5,0.0684931506849315,2,3,0,0.4,1.7777777777777777,42.0,210.0,180.0,1.1666666666666667,2,4,-90.0,480.0
rsi_sweep_london__target-250__stop-80__horizon-10__session-LondonOpen__spreadlt-20__rsi-30_70__atrlt-350__rangelt-850__dir_prev10gt-500,rsi_sweep_london,target=250;stop=80;horizon=10;session=London Open;spread<=20;rsi=30/70;atr<=350;range<=850;dir_prev10>-500,5,0.0684931506849315,2,3,0,0.4,1.7777777777777777,42.0,210.0,180.0,1.1666666666666667,2,4,-90.0,480.0
rsi_sweep_london__target-250__stop-80__horizon-10__session-LondonOpen__spreadlt-20__rsi-30_70__atrlt-350__rangelt-None__dir_prev10gt-500,rsi_sweep_london,target=250;stop=80;horizon=10;session=London Open;spread<=20;rsi=30/70;atr<=350;range<=None;dir_prev10>-500,5,0.0684931506849315,2,3,0,0.4,1.7777777777777777,42.0,210.0,180.0,1.1666666666666667,2,4,-90.0,480.0
rsi_sweep_london__target-250__stop-80__horizon-10__session-LondonOpen__spreadlt-20__rsi-30_70__atrlt-450__rangelt-450__dir_prev10gt-500,rsi_sweep_london,target=250;stop=80;horizon=10;session=London Open;spread<=20;rsi=30/70;atr<=450;range<=450;dir_prev10>-500,5,0.0684931506849315,2,3,0,0.4,1.7777777777777777,42.0,210.0,180.0,1.1666666666666667,2,4,-90.0,480.0
rsi_sweep_london__target-250__stop-80__horizon-10__session-LondonOpen__spreadlt-20__rsi-30_70__atrlt-450__rangelt-650__dir_prev10gt-500,rsi_sweep_london,target=250;stop=80;horizon=10;session=London Open;spread<=20;rsi=30/70;atr<=450;range<=650;dir_prev10>-500,5,0.0684931506849315,2,3,0,0.4,1.7777777777777777,42.0,210.0,180.0,1.1666666666666667,2,4,-90.0,480.0
rsi_sweep_london__target-250__stop-80__horizon-10__session-LondonOpen__spreadlt-20__rsi-30_70__atrlt-450__rangelt-850__dir_prev10gt-500,rsi_sweep_london,target=250;stop=80;horizon=10;session=London Open;spread<=20;rsi=30/70;atr<=450;range<=850;dir_prev10>-500,5,0.0684931506849315,2,3,0,0.4,1.7777777777777777,42.0,210.0,180.0,1.1666666666666667,2,4,-90.0,480.0
rsi_sweep_london__target-250__stop-80__horizon-10__session-LondonOpen__spreadlt-20__rsi-30_70__atrlt-450__rangelt-None__dir_prev10gt-500,rsi_sweep_london,target=250;stop=80;horizon=10;session=London Open;spread<=20;rsi=30/70;atr<=450;range<=None;dir_prev10>-500,5,0.0684931506849315,2,3,0,0.4,1.7777777777777777,42.0,210.0,180.0,1.1666666666666667,2,4,-90.0,480.0
rsi_sweep_london__target-250__stop-80__horizon-10__session-LondonOpen__spreadlt-20__rsi-30_70__atrlt-None__rangelt-450__dir_prev10gt-500,rsi_sweep_london,target=250;stop=80;horizon=10;session=London Open;spread<=20;rsi=30/70;atr<=None;range<=450;dir_prev10>-500,5,0.0684931506849315,2,3,0,0.4,1.7777777777777777,42.0,210.0,180.0,1.1666666666666667,2,4,-90.0,480.0
rsi_sweep_london__target-250__stop-80__horizon-10__session-LondonOpen__spreadlt-20__rsi-30_70__atrlt-None__rangelt-650__dir_prev10gt-500,rsi_sweep_london,target=250;stop=80;horizon=10;session=London Open;spread<=20;rsi=30/70;atr<=None;range<=650;dir_prev10>-500,5,0.0684931506849315,2,3,0,0.4,1.7777777777777777,42.0,210.0,180.0,1.1666666666666667,2,4,-90.0,480.0
rsi_sweep_london__target-250__stop-80__horizon-10__session-LondonOpen__spreadlt-20__rsi-30_70__atrlt-None__rangelt-850__dir_prev10gt-500,rsi_sweep_london,target=250;stop=80;horizon=10;session=London Open;spread<=20;rsi=30/70;atr<=None;range<=850;dir_prev10>-500,5,0.0684931506849315,2,3,0,0.4,1.7777777777777777,42.0,210.0,180.0,1.1666666666666667,2,4,-90.0,480.0
rsi_sweep_london__target-250__stop-80__horizon-10__session-LondonOpen__spreadlt-20__rsi-30_70__atrlt-None__rangelt-None__dir_prev10gt-500,rsi_sweep_london,target=250;stop=80;horizon=10;session=London Open;spread<=20;rsi=30/70;atr<=None;range<=None;dir_prev10>-500,5,0.0684931506849315,2,3,0,0.4,1.7777777777777777,42.0,210.0,180.0,1.1666666666666667,2,4,-90.0,480.0
rsi_sweep_london__target-250__stop-80__horizon-15__session-LondonOpen__spreadlt-20__rsi-30_70__atrlt-350__rangelt-450__dir_prev10gt-500,rsi_sweep_london,target=250;stop=80;horizon=15;session=London Open;spread<=20;rsi=30/70;atr<=350;range<=450;dir_prev10>-500,5,0.0684931506849315,2,3,0,0.4,1.7777777777777777,42.0,210.0,180.0,1.1666666666666667,2,4,-90.0,480.0
rsi_sweep_london__target-250__stop-80__horizon-15__session-LondonOpen__spreadlt-20__rsi-30_70__atrlt-350__rangelt-650__dir_prev10gt-500,rsi_sweep_london,target=250;stop=80;horizon=15;session=London Open;spread<=20;rsi=30/70;atr<=350;range<=650;dir_prev10>-500,5,0.0684931506849315,2,3,0,0.4,1.7777777777777777,42.0,210.0,180.0,1.1666666666666667,2,4,-90.0,480.0
rsi_sweep_london__target-250__stop-80__horizon-15__session-LondonOpen__spreadlt-20__rsi-30_70__atrlt-350__rangelt-850__dir_prev10gt-500,rsi_sweep_london,target=250;stop=80;horizon=15;session=London Open;spread<=20;rsi=30/70;atr<=350;range<=850;dir_prev10>-500,5,0.0684931506849315,2,3,0,0.4,1.7777777777777777,42.0,210.0,180.0,1.1666666666666667,2,4,-90.0,480.0
rsi_sweep_london__target-250__stop-80__horizon-15__session-LondonOpen__spreadlt-20__rsi-30_70__atrlt-350__rangelt-None__dir_prev10gt-500,rsi_sweep_london,target=250;stop=80;horizon=15;session=London Open;spread<=20;rsi=30/70;atr<=350;range<=None;dir_prev10>-500,5,0.0684931506849315,2,3,0,0.4,1.7777777777777777,42.0,210.0,180.0,1.1666666666666667,2,4,-90.0,480.0
rsi_sweep_london__target-250__stop-80__horizon-15__session-LondonOpen__spreadlt-20__rsi-30_70__atrlt-450__rangelt-450__dir_prev10gt-500,rsi_sweep_london,target=250;stop=80;horizon=15;session=London Open;spread<=20;rsi=30/70;atr<=450;range<=450;dir_prev10>-500,5,0.0684931506849315,2,3,0,0.4,1.7777777777777777,42.0,210.0,180.0,1.1666666666666667,2,4,-90.0,480.0
rsi_sweep_london__target-250__stop-80__horizon-15__session-LondonOpen__spreadlt-20__rsi-30_70__atrlt-450__rangelt-650__dir_prev10gt-500,rsi_sweep_london,target=250;stop=80;horizon=15;session=London Open;spread<=20;rsi=30/70;atr<=450;range<=650;dir_prev10>-500,5,0.0684931506849315,2,3,0,0.4,1.7777777777777777,42.0,210.0,180.0,1.1666666666666667,2,4,-90.0,480.0
