trades,wins,losses,win_rate,pf,expectancy,total,max_dd,filter
9,6,3,0.6666666666666666,7.090909090909091,223.33333333333334,2010.0,110.0,dir_prev10_ret_points > -322 AND atr_points <= 279
9,6,3,0.6666666666666666,7.090909090909091,223.33333333333334,2010.0,110.0,atr_points <= 279 AND body_atr > 1.33
11,7,4,0.6363636363636364,6.204545454545454,208.1818181818182,2290.0,220.0,dir_prev10_ret_points > -322 AND atr_points <= 437
11,7,4,0.6363636363636364,6.204545454545454,208.1818181818182,2290.0,110.0,dir_prev10_ret_points > -322 AND opposite_wick_ratio <= 0.091
8,5,3,0.625,5.909090909090909,202.5,1620.0,110.0,dir_prev10_ret_points > -322 AND body_ratio > 0.802
8,5,3,0.625,5.909090909090909,202.5,1620.0,110.0,atr_points <= 279 AND dir_ema_slow_dist_points > -374
8,5,3,0.625,5.909090909090909,202.5,1620.0,220.0,body_ratio > 0.802 AND range_atr > 1.64
8,5,3,0.625,5.909090909090909,202.5,1620.0,220.0,body_ratio > 0.802 AND dir_wick_ratio > 0.0946
10,6,4,0.6,5.318181818181818,190.0,1900.0,220.0,dir_prev10_ret_points > -322 AND range_atr <= 2.34
10,6,4,0.6,5.318181818181818,190.0,1900.0,220.0,dir_prev10_ret_points > -322 AND body_ratio > 0.628
10,6,4,0.6,5.318181818181818,190.0,1900.0,220.0,dir_prev10_ret_points > -322 AND dir_wick_ratio > 0.0946
10,6,4,0.6,5.318181818181818,190.0,1900.0,220.0,atr_points <= 279 AND range_atr > 1.64
10,6,4,0.6,5.318181818181818,190.0,1900.0,220.0,atr_points <= 279 AND rsi <= 57.8
10,6,4,0.6,5.318181818181818,190.0,1900.0,110.0,body_ratio > 0.802 AND atr_points <= 437
12,7,5,0.5833333333333334,4.963636363636364,181.66666666666666,2180.0,220.0,dir_prev10_ret_points > -322 AND dir_sweep_points <= 103
12,7,5,0.5833333333333334,4.963636363636364,181.66666666666666,2180.0,220.0,dir_prev10_ret_points > -322 AND range_atr > 1.64
12,7,5,0.5833333333333334,4.963636363636364,181.66666666666666,2180.0,330.0,dir_prev10_ret_points > -322 AND body_atr > 1.33
9,5,4,0.5555555555555556,4.431818181818182,167.77777777777777,1510.0,110.0,dir_prev10_ret_points > -322 AND opposite_wick_ratio <= 0.0379
9,5,4,0.5555555555555556,4.431818181818182,167.77777777777777,1510.0,330.0,dir_prev10_ret_points > -322 AND dir_sweep_points <= 53
9,5,4,0.5555555555555556,4.431818181818182,167.77777777777777,1510.0,220.0,dir_prev10_ret_points > -322 AND adx > 18.7
9,5,4,0.5555555555555556,4.431818181818182,167.77777777777777,1510.0,110.0,atr_points <= 279 AND body_ratio > 0.802
9,5,4,0.5555555555555556,4.431818181818182,167.77777777777777,1510.0,110.0,atr_points <= 279 AND dir_wick_ratio <= 0.129
9,5,4,0.5555555555555556,4.431818181818182,167.77777777777777,1510.0,220.0,body_ratio > 0.802 AND rsi <= 57.8
9,5,4,0.5555555555555556,4.431818181818182,167.77777777777777,1510.0,110.0,opposite_wick_ratio <= 0.0379 AND dir_prev5_ret_points > -129
9,5,4,0.5555555555555556,4.431818181818182,167.77777777777777,1510.0,220.0,opposite_wick_ratio <= 0.0379 AND range_atr > 1.64
9,5,4,0.5555555555555556,4.431818181818182,167.77777777777777,1510.0,220.0,opposite_wick_ratio <= 0.0379 AND body_atr > 1.33
11,6,5,0.5454545454545454,4.254545454545455,162.72727272727272,1790.0,220.0,dir_prev10_ret_points > -322 AND rsi > 46.7
11,6,5,0.5454545454545454,4.254545454545455,162.72727272727272,1790.0,220.0,atr_points <= 279 AND dir_sweep_points <= 53
11,6,5,0.5454545454545454,4.254545454545455,162.72727272727272,1790.0,220.0,atr_points <= 279 AND body_ratio > 0.628
11,6,5,0.5454545454545454,4.254545454545455,162.72727272727272,1790.0,220.0,atr_points <= 279 AND dir_wick_ratio > 0.0946
11,6,5,0.5454545454545454,4.254545454545455,162.72727272727272,1790.0,220.0,body_ratio > 0.802 AND dir_prev10_ret_points > -543
13,7,6,0.5384615384615384,4.136363636363637,159.23076923076923,2070.0,330.0,dir_prev10_ret_points > -322 AND dir_prev5_ret_points > -357
13,7,6,0.5384615384615384,4.136363636363637,159.23076923076923,2070.0,330.0,dir_prev10_ret_points > -322 AND dir_prev10_ret_points > -543
13,7,6,0.5384615384615384,4.136363636363637,159.23076923076923,2070.0,220.0,atr_points <= 279 AND opposite_wick_ratio <= 0.091
13,7,6,0.5384615384615384,4.136363636363637,159.23076923076923,2070.0,220.0,atr_points <= 279 AND dir_sweep_points <= 103
13,7,6,0.5384615384615384,4.136363636363637,159.23076923076923,2070.0,220.0,atr_points <= 279 AND dir_prev5_ret_points > -357
13,7,6,0.5384615384615384,4.136363636363637,159.23076923076923,2070.0,330.0,atr_points <= 437 AND body_atr > 1.33
13,7,6,0.5384615384615384,4.136363636363637,159.23076923076923,2070.0,220.0,opposite_wick_ratio <= 0.091 AND range_atr > 1.64
16,8,8,0.5,3.5454545454545454,140.0,2240.0,330.0,atr_points <= 437 AND opposite_wick_ratio <= 0.091
14,7,7,0.5,3.5454545454545454,140.0,1960.0,220.0,atr_points <= 279 AND atr_points <= 437
14,7,7,0.5,3.5454545454545454,140.0,1960.0,220.0,atr_points <= 279 AND dir_prev10_ret_points > -543
14,7,7,0.5,3.5454545454545454,140.0,1960.0,220.0,dir_sweep_points <= 103 AND dir_wick_ratio > 0.0946
14,7,7,0.5,3.5454545454545454,140.0,1960.0,330.0,dir_prev5_ret_points > -357 AND dir_wick_ratio > 0.0946
14,7,7,0.5,3.5454545454545454,140.0,1960.0,440.0,dir_prev10_ret_points > -543 AND body_atr > 1.33
12,6,6,0.5,3.5454545454545454,140.0,1680.0,330.0,dir_prev10_ret_points > -322 AND dir_ema_slow_dist_points > -1.13e+03
12,6,6,0.5,3.5454545454545454,140.0,1680.0,220.0,atr_points <= 279 AND range_atr <= 2.34
12,6,6,0.5,3.5454545454545454,140.0,1680.0,220.0,body_ratio > 0.802 AND dir_sweep_points <= 103
12,6,6,0.5,3.5454545454545454,140.0,1680.0,220.0,body_ratio > 0.802 AND dir_prev5_ret_points > -357
10,5,5,0.5,3.5454545454545454,140.0,1400.0,330.0,dir_prev10_ret_points > -322 AND dir_prev5_ret_points > -129
10,5,5,0.5,3.5454545454545454,140.0,1400.0,220.0,dir_prev10_ret_points > -322 AND trend_against_trade == False
10,5,5,0.5,3.5454545454545454,140.0,1400.0,440.0,dir_prev10_ret_points > -322 AND rsi <= 57.8
10,5,5,0.5,3.5454545454545454,140.0,1400.0,220.0,dir_prev10_ret_points > -322 AND adx <= 30.4
10,5,5,0.5,3.5454545454545454,140.0,1400.0,220.0,atr_points <= 279 AND trend_against_trade == False
10,5,5,0.5,3.5454545454545454,140.0,1400.0,220.0,atr_points <= 279 AND adx > 18.7
10,5,5,0.5,3.5454545454545454,140.0,1400.0,220.0,body_ratio > 0.802 AND opposite_wick_ratio <= 0.0379
10,5,5,0.5,3.5454545454545454,140.0,1400.0,220.0,body_ratio > 0.802 AND dir_sweep_points <= 53
10,5,5,0.5,3.5454545454545454,140.0,1400.0,220.0,body_ratio > 0.802 AND dir_ema_slow_dist_points > -1.13e+03
10,5,5,0.5,3.5454545454545454,140.0,1400.0,220.0,body_ratio > 0.802 AND adx > 18.7
10,5,5,0.5,3.5454545454545454,140.0,1400.0,220.0,atr_points <= 437 AND dir_ema_slow_dist_points > -374
10,5,5,0.5,3.5454545454545454,140.0,1400.0,220.0,opposite_wick_ratio <= 0.091 AND dir_prev5_ret_points > -129
10,5,5,0.5,3.5454545454545454,140.0,1400.0,220.0,opposite_wick_ratio <= 0.091 AND dir_ema_slow_dist_points > -374
10,5,5,0.5,3.5454545454545454,140.0,1400.0,220.0,dir_prev10_ret_points > -543 AND dir_wick_ratio <= 0.129
10,5,5,0.5,3.5454545454545454,140.0,1400.0,330.0,dir_sweep_points <= 53 AND dir_wick_ratio > 0.0946
10,5,5,0.5,3.5454545454545454,140.0,1400.0,330.0,dir_prev5_ret_points > -129 AND body_ratio > 0.628
8,4,4,0.5,3.5454545454545454,140.0,1120.0,110.0,atr_points <= 279 AND dir_prev5_ret_points > -129
8,4,4,0.5,3.5454545454545454,140.0,1120.0,220.0,atr_points <= 279 AND range_atr <= 1.95
8,4,4,0.5,3.5454545454545454,140.0,1120.0,220.0,body_ratio > 0.802 AND trend_against_trade == False
8,4,4,0.5,3.5454545454545454,140.0,1120.0,110.0,opposite_wick_ratio <= 0.0379 AND dir_ema_slow_dist_points > -374
8,4,4,0.5,3.5454545454545454,140.0,1120.0,110.0,opposite_wick_ratio <= 0.0379 AND dir_wick_ratio <= 0.129
8,4,4,0.5,3.5454545454545454,140.0,1120.0,220.0,atr_points <= 437 AND side == SHORT
8,4,4,0.5,3.5454545454545454,140.0,1120.0,330.0,dir_sweep_points <= 103 AND adx > 26.1
8,4,4,0.5,3.5454545454545454,140.0,1120.0,330.0,dir_prev5_ret_points > -357 AND side == SHORT
8,4,4,0.5,3.5454545454545454,140.0,1120.0,220.0,dir_sweep_points <= 53 AND dir_ema_slow_dist_points > -374
8,4,4,0.5,3.5454545454545454,140.0,1120.0,220.0,dir_prev5_ret_points > -129 AND body_atr > 1.46
8,4,4,0.5,3.5454545454545454,140.0,1120.0,330.0,vol_rel20 <= 1.16 AND range_atr > 1.64
8,4,4,0.5,3.5454545454545454,140.0,1120.0,440.0,vol_rel20 <= 1.16 AND adx > 26.1
8,4,4,0.5,3.5454545454545454,140.0,1120.0,440.0,body_ratio > 0.628 AND adx > 26.1
17,8,9,0.47058823529411764,3.1515151515151514,125.29411764705883,2130.0,440.0,atr_points <= 437 AND dir_prev5_ret_points > -357
17,8,9,0.47058823529411764,3.1515151515151514,125.29411764705883,2130.0,440.0,opposite_wick_ratio <= 0.091 AND dir_sweep_points <= 103
17,8,9,0.47058823529411764,3.1515151515151514,125.29411764705883,2130.0,440.0,opposite_wick_ratio <= 0.091 AND dir_prev5_ret_points > -357
17,8,9,0.47058823529411764,3.1515151515151514,125.29411764705883,2130.0,330.0,opposite_wick_ratio <= 0.091 AND dir_prev10_ret_points > -543
17,8,9,0.47058823529411764,3.1515151515151514,125.29411764705883,2130.0,440.0,dir_sweep_points <= 103 AND dir_prev10_ret_points > -543
15,7,8,0.4666666666666667,3.102272727272727,123.33333333333333,1850.0,330.0,atr_points <= 437 AND range_atr > 1.64
15,7,8,0.4666666666666667,3.102272727272727,123.33333333333333,1850.0,330.0,atr_points <= 437 AND dir_wick_ratio > 0.0946
15,7,8,0.4666666666666667,3.102272727272727,123.33333333333333,1850.0,440.0,opposite_wick_ratio <= 0.091 AND body_atr > 1.33
15,7,8,0.4666666666666667,3.102272727272727,123.33333333333333,1850.0,330.0,opposite_wick_ratio <= 0.091 AND dir_wick_ratio > 0.0946
15,7,8,0.4666666666666667,3.102272727272727,123.33333333333333,1850.0,330.0,dir_sweep_points <= 103 AND range_atr > 1.64
15,7,8,0.4666666666666667,3.102272727272727,123.33333333333333,1850.0,440.0,dir_sweep_points <= 103 AND body_atr > 1.33
15,7,8,0.4666666666666667,3.102272727272727,123.33333333333333,1850.0,330.0,dir_prev5_ret_points > -357 AND range_atr > 1.64
15,7,8,0.4666666666666667,3.102272727272727,123.33333333333333,1850.0,550.0,dir_prev5_ret_points > -357 AND body_atr > 1.33
15,7,8,0.4666666666666667,3.102272727272727,123.33333333333333,1850.0,330.0,dir_prev10_ret_points > -543 AND range_atr > 1.64
13,6,7,0.46153846153846156,3.038961038961039,120.76923076923077,1570.0,220.0,atr_points <= 279 AND dir_ema_slow_dist_points > -1.13e+03
13,6,7,0.46153846153846156,3.038961038961039,120.76923076923077,1570.0,330.0,body_ratio > 0.802 AND opposite_wick_ratio <= 0.091
13,6,7,0.46153846153846156,3.038961038961039,120.76923076923077,1570.0,330.0,body_ratio > 0.802 AND body_ratio > 0.628
13,6,7,0.46153846153846156,3.038961038961039,120.76923076923077,1570.0,220.0,opposite_wick_ratio <= 0.0379 AND atr_points <= 437
13,6,7,0.46153846153846156,3.038961038961039,120.76923076923077,1570.0,220.0,opposite_wick_ratio <= 0.0379 AND dir_sweep_points <= 103
13,6,7,0.46153846153846156,3.038961038961039,120.76923076923077,1570.0,220.0,opposite_wick_ratio <= 0.0379 AND dir_prev5_ret_points > -357
13,6,7,0.46153846153846156,3.038961038961039,120.76923076923077,1570.0,220.0,opposite_wick_ratio <= 0.0379 AND body_ratio > 0.628
13,6,7,0.46153846153846156,3.038961038961039,120.76923076923077,1570.0,330.0,opposite_wick_ratio <= 0.091 AND dir_sweep_points <= 53
13,6,7,0.46153846153846156,3.038961038961039,120.76923076923077,1570.0,330.0,dir_sweep_points <= 103 AND adx > 18.7
13,6,7,0.46153846153846156,3.038961038961039,120.76923076923077,1570.0,330.0,dir_prev10_ret_points > -543 AND dir_sweep_points <= 53
13,6,7,0.46153846153846156,3.038961038961039,120.76923076923077,1570.0,440.0,dir_sweep_points <= 53 AND rsi <= 57.8
13,6,7,0.46153846153846156,3.038961038961039,120.76923076923077,1570.0,330.0,range_atr > 1.64 AND range_atr <= 2.34
13,6,7,0.46153846153846156,3.038961038961039,120.76923076923077,1570.0,330.0,range_atr > 1.64 AND body_ratio > 0.628
11,5,6,0.45454545454545453,2.9545454545454546,117.27272727272727,1290.0,220.0,atr_points <= 279 AND opposite_wick_ratio <= 0.0379
11,5,6,0.45454545454545453,2.9545454545454546,117.27272727272727,1290.0,220.0,atr_points <= 279 AND rsi > 46.7
11,5,6,0.45454545454545453,2.9545454545454546,117.27272727272727,1290.0,330.0,body_ratio > 0.802 AND range_atr <= 1.95
11,5,6,0.45454545454545453,2.9545454545454546,117.27272727272727,1290.0,330.0,body_ratio > 0.802 AND dir_wick_ratio <= 0.129
11,5,6,0.45454545454545453,2.9545454545454546,117.27272727272727,1290.0,330.0,body_ratio > 0.802 AND range_atr <= 2.34
11,5,6,0.45454545454545453,2.9545454545454546,117.27272727272727,1290.0,330.0,body_ratio > 0.802 AND body_atr > 1.33
11,5,6,0.45454545454545453,2.9545454545454546,117.27272727272727,1290.0,220.0,opposite_wick_ratio <= 0.0379 AND dir_wick_ratio > 0.0946
11,5,6,0.45454545454545453,2.9545454545454546,117.27272727272727,1290.0,220.0,opposite_wick_ratio <= 0.0379 AND trend_against_trade == False
11,5,6,0.45454545454545453,2.9545454545454546,117.27272727272727,1290.0,220.0,opposite_wick_ratio <= 0.0379 AND rsi > 46.7
11,5,6,0.45454545454545453,2.9545454545454546,117.27272727272727,1290.0,220.0,opposite_wick_ratio <= 0.0379 AND adx > 18.7
11,5,6,0.45454545454545453,2.9545454545454546,117.27272727272727,1290.0,440.0,atr_points <= 437 AND range_atr <= 1.95
11,5,6,0.45454545454545453,2.9545454545454546,117.27272727272727,1290.0,440.0,atr_points <= 437 AND vol_rel20 <= 1.16
11,5,6,0.45454545454545453,2.9545454545454546,117.27272727272727,1290.0,330.0,opposite_wick_ratio <= 0.091 AND dir_wick_ratio <= 0.129
11,5,6,0.45454545454545453,2.9545454545454546,117.27272727272727,1290.0,220.0,dir_sweep_points <= 103 AND dir_ema_slow_dist_points > -374
11,5,6,0.45454545454545453,2.9545454545454546,117.27272727272727,1290.0,330.0,dir_prev5_ret_points > -357 AND dir_ema_slow_dist_points > -374
11,5,6,0.45454545454545453,2.9545454545454546,117.27272727272727,1290.0,550.0,dir_prev5_ret_points > -357 AND vol_rel20 <= 1.16
11,5,6,0.45454545454545453,2.9545454545454546,117.27272727272727,1290.0,330.0,dir_prev10_ret_points > -543 AND dir_ema_slow_dist_points > -374
11,5,6,0.45454545454545453,2.9545454545454546,117.27272727272727,1290.0,550.0,dir_prev10_ret_points > -543 AND vol_rel20 <= 1.16
11,5,6,0.45454545454545453,2.9545454545454546,117.27272727272727,1290.0,440.0,dir_sweep_points <= 53 AND range_atr > 1.64
11,5,6,0.45454545454545453,2.9545454545454546,117.27272727272727,1290.0,440.0,dir_prev5_ret_points > -129 AND body_atr > 1.33
11,5,6,0.45454545454545453,2.9545454545454546,117.27272727272727,1290.0,330.0,dir_prev5_ret_points > -129 AND rsi > 46.7
11,5,6,0.45454545454545453,2.9545454545454546,117.27272727272727,1290.0,220.0,dir_ema_slow_dist_points > -374 AND adx <= 30.4
11,5,6,0.45454545454545453,2.9545454545454546,117.27272727272727,1290.0,330.0,range_atr <= 1.95 AND dir_wick_ratio > 0.0946
11,5,6,0.45454545454545453,2.9545454545454546,117.27272727272727,1290.0,330.0,dir_wick_ratio <= 0.129 AND rsi <= 57.8
11,5,6,0.45454545454545453,2.9545454545454546,117.27272727272727,1290.0,550.0,vol_rel20 <= 1.16 AND adx > 18.7
18,8,10,0.4444444444444444,2.8363636363636364,112.22222222222223,2020.0,440.0,atr_points <= 437 AND dir_sweep_points <= 103
18,8,10,0.4444444444444444,2.8363636363636364,112.22222222222223,2020.0,440.0,atr_points <= 437 AND dir_prev10_ret_points > -543
18,8,10,0.4444444444444444,2.8363636363636364,112.22222222222223,2020.0,550.0,dir_prev5_ret_points > -357 AND dir_prev10_ret_points > -543
9,4,5,0.4444444444444444,2.8363636363636364,112.22222222222223,1010.0,220.0,dir_prev10_ret_points > -322 AND dir_ema_slow_dist_points > -374
9,4,5,0.4444444444444444,2.8363636363636364,112.22222222222223,1010.0,440.0,body_ratio > 0.802 AND vol_rel20 <= 1.16
9,4,5,0.4444444444444444,2.8363636363636364,112.22222222222223,1010.0,220.0,opposite_wick_ratio <= 0.0379 AND dir_sweep_points <= 53
9,4,5,0.4444444444444444,2.8363636363636364,112.22222222222223,1010.0,440.0,opposite_wick_ratio <= 0.0379 AND vol_rel20 <= 1.16
9,4,5,0.4444444444444444,2.8363636363636364,112.22222222222223,1010.0,440.0,atr_points <= 437 AND adx > 26.1
9,4,5,0.4444444444444444,2.8363636363636364,112.22222222222223,1010.0,220.0,atr_points <= 437 AND body_atr > 1.46
9,4,5,0.4444444444444444,2.8363636363636364,112.22222222222223,1010.0,330.0,opposite_wick_ratio <= 0.091 AND side == SHORT
9,4,5,0.4444444444444444,2.8363636363636364,112.22222222222223,1010.0,220.0,opposite_wick_ratio <= 0.091 AND body_atr > 1.46
9,4,5,0.4444444444444444,2.8363636363636364,112.22222222222223,1010.0,440.0,dir_sweep_points <= 103 AND rsi > 51.9
9,4,5,0.4444444444444444,2.8363636363636364,112.22222222222223,1010.0,440.0,dir_prev5_ret_points > -357 AND rsi > 51.9
9,4,5,0.4444444444444444,2.8363636363636364,112.22222222222223,1010.0,440.0,dir_prev5_ret_points > -357 AND adx > 26.1
9,4,5,0.4444444444444444,2.8363636363636364,112.22222222222223,1010.0,220.0,dir_prev5_ret_points > -357 AND body_atr > 1.46
9,4,5,0.4444444444444444,2.8363636363636364,112.22222222222223,1010.0,330.0,dir_prev10_ret_points > -543 AND side == SHORT
9,4,5,0.4444444444444444,2.8363636363636364,112.22222222222223,1010.0,440.0,dir_prev10_ret_points > -543 AND adx > 26.1
9,4,5,0.4444444444444444,2.8363636363636364,112.22222222222223,1010.0,220.0,dir_prev10_ret_points > -543 AND body_atr > 1.46
9,4,5,0.4444444444444444,2.8363636363636364,112.22222222222223,1010.0,330.0,dir_sweep_points <= 53 AND range_atr <= 1.95
9,4,5,0.4444444444444444,2.8363636363636364,112.22222222222223,1010.0,220.0,dir_sweep_points <= 53 AND adx > 18.7
9,4,5,0.4444444444444444,2.8363636363636364,112.22222222222223,1010.0,330.0,dir_prev5_ret_points > -129 AND range_atr <= 2.34
9,4,5,0.4444444444444444,2.8363636363636364,112.22222222222223,1010.0,330.0,dir_prev5_ret_points > -129 AND dir_wick_ratio > 0.0946
9,4,5,0.4444444444444444,2.8363636363636364,112.22222222222223,1010.0,220.0,dir_prev5_ret_points > -129 AND trend_against_trade == False
9,4,5,0.4444444444444444,2.8363636363636364,112.22222222222223,1010.0,440.0,dir_prev5_ret_points > -129 AND rsi > 51.9
9,4,5,0.4444444444444444,2.8363636363636364,112.22222222222223,1010.0,220.0,dir_prev5_ret_points > -129 AND adx <= 30.4
9,4,5,0.4444444444444444,2.8363636363636364,112.22222222222223,1010.0,220.0,dir_ema_slow_dist_points > -374 AND range_atr <= 2.34
9,4,5,0.4444444444444444,2.8363636363636364,112.22222222222223,1010.0,220.0,dir_ema_slow_dist_points > -374 AND body_ratio > 0.628
9,4,5,0.4444444444444444,2.8363636363636364,112.22222222222223,1010.0,330.0,range_atr <= 1.95 AND dir_wick_ratio <= 0.129
9,4,5,0.4444444444444444,2.8363636363636364,112.22222222222223,1010.0,220.0,dir_wick_ratio <= 0.129 AND range_atr > 1.64
9,4,5,0.4444444444444444,2.8363636363636364,112.22222222222223,1010.0,220.0,dir_wick_ratio <= 0.129 AND adx > 18.7
9,4,5,0.4444444444444444,2.8363636363636364,112.22222222222223,1010.0,330.0,range_atr <= 2.34 AND side == SHORT
9,4,5,0.4444444444444444,2.8363636363636364,112.22222222222223,1010.0,440.0,range_atr <= 2.34 AND adx > 26.1
16,7,9,0.4375,2.757575757575758,108.75,1740.0,440.0,atr_points <= 437 AND body_ratio > 0.628
16,7,9,0.4375,2.757575757575758,108.75,1740.0,220.0,opposite_wick_ratio <= 0.091 AND dir_ema_slow_dist_points > -1.13e+03
16,7,9,0.4375,2.757575757575758,108.75,1740.0,330.0,dir_sweep_points <= 103 AND dir_ema_slow_dist_points > -1.13e+03
16,7,9,0.4375,2.757575757575758,108.75,1740.0,550.0,dir_prev5_ret_points > -357 AND range_atr <= 2.34
16,7,9,0.4375,2.757575757575758,108.75,1740.0,550.0,dir_prev5_ret_points > -357 AND body_ratio > 0.628
16,7,9,0.4375,2.757575757575758,108.75,1740.0,440.0,dir_prev5_ret_points > -357 AND dir_ema_slow_dist_points > -1.13e+03
16,7,9,0.4375,2.757575757575758,108.75,1740.0,440.0,dir_prev10_ret_points > -543 AND body_ratio > 0.628
16,7,9,0.4375,2.757575757575758,108.75,1740.0,440.0,dir_prev10_ret_points > -543 AND dir_wick_ratio > 0.0946
16,7,9,0.4375,2.757575757575758,108.75,1740.0,330.0,range_atr <= 2.34 AND dir_wick_ratio > 0.0946
14,6,8,0.42857142857142855,2.659090909090909,104.28571428571429,1460.0,220.0,opposite_wick_ratio <= 0.0379 AND opposite_wick_ratio <= 0.091
14,6,8,0.42857142857142855,2.659090909090909,104.28571428571429,1460.0,220.0,opposite_wick_ratio <= 0.0379 AND dir_prev10_ret_points > -543
14,6,8,0.42857142857142855,2.659090909090909,104.28571428571429,1460.0,330.0,atr_points <= 437 AND dir_sweep_points <= 53
14,6,8,0.42857142857142855,2.659090909090909,104.28571428571429,1460.0,330.0,atr_points <= 437 AND trend_against_trade == False
14,6,8,0.42857142857142855,2.659090909090909,104.28571428571429,1460.0,330.0,atr_points <= 437 AND adx > 18.7
14,6,8,0.42857142857142855,2.659090909090909,104.28571428571429,1460.0,220.0,opposite_wick_ratio <= 0.091 AND trend_against_trade == False
14,6,8,0.42857142857142855,2.659090909090909,104.28571428571429,1460.0,330.0,dir_sweep_points <= 103 AND trend_against_trade == False
14,6,8,0.42857142857142855,2.659090909090909,104.28571428571429,1460.0,440.0,dir_prev5_ret_points > -357 AND dir_sweep_points <= 53
14,6,8,0.42857142857142855,2.659090909090909,104.28571428571429,1460.0,440.0,dir_prev5_ret_points > -357 AND trend_against_trade == False
14,6,8,0.42857142857142855,2.659090909090909,104.28571428571429,1460.0,330.0,dir_prev5_ret_points > -357 AND adx > 18.7
14,6,8,0.42857142857142855,2.659090909090909,104.28571428571429,1460.0,550.0,range_atr <= 2.34 AND body_atr > 1.33
14,6,8,0.42857142857142855,2.659090909090909,104.28571428571429,1460.0,330.0,body_atr > 1.33 AND dir_ema_slow_dist_points > -1.13e+03
14,6,8,0.42857142857142855,2.659090909090909,104.28571428571429,1460.0,440.0,body_ratio > 0.628 AND dir_wick_ratio > 0.0946
14,6,8,0.42857142857142855,2.659090909090909,104.28571428571429,1460.0,550.0,body_ratio > 0.628 AND adx > 18.7
19,8,11,0.42105263157894735,2.5785123966942147,100.52631578947368,1910.0,550.0,dir_sweep_points <= 103 AND dir_prev5_ret_points > -357
12,5,7,0.4166666666666667,2.5324675324675323,98.33333333333333,1180.0,220.0,atr_points <= 279 AND adx <= 30.4
12,5,7,0.4166666666666667,2.5324675324675323,98.33333333333333,1180.0,330.0,opposite_wick_ratio <= 0.0379 AND range_atr <= 2.34
12,5,7,0.4166666666666667,2.5324675324675323,98.33333333333333,1180.0,330.0,atr_points <= 437 AND dir_prev5_ret_points > -129
12,5,7,0.4166666666666667,2.5324675324675323,98.33333333333333,1180.0,220.0,atr_points <= 437 AND dir_wick_ratio <= 0.129
12,5,7,0.4166666666666667,2.5324675324675323,98.33333333333333,1180.0,330.0,dir_sweep_points <= 103 AND dir_prev5_ret_points > -129
12,5,7,0.4166666666666667,2.5324675324675323,98.33333333333333,1180.0,440.0,dir_sweep_points <= 103 AND range_atr <= 1.95
12,5,7,0.4166666666666667,2.5324675324675323,98.33333333333333,1180.0,550.0,dir_sweep_points <= 103 AND vol_rel20 <= 1.16
12,5,7,0.4166666666666667,2.5324675324675323,98.33333333333333,1180.0,440.0,dir_prev5_ret_points > -357 AND range_atr <= 1.95
12,5,7,0.4166666666666667,2.5324675324675323,98.33333333333333,1180.0,330.0,dir_prev5_ret_points > -357 AND dir_wick_ratio <= 0.129
12,5,7,0.4166666666666667,2.5324675324675323,98.33333333333333,1180.0,440.0,dir_prev10_ret_points > -543 AND dir_prev5_ret_points > -129
12,5,7,0.4166666666666667,2.5324675324675323,98.33333333333333,1180.0,440.0,dir_prev10_ret_points > -543 AND range_atr <= 1.95
12,5,7,0.4166666666666667,2.5324675324675323,98.33333333333333,1180.0,330.0,dir_sweep_points <= 53 AND dir_wick_ratio <= 0.129
12,5,7,0.4166666666666667,2.5324675324675323,98.33333333333333,1180.0,550.0,dir_sweep_points <= 53 AND body_atr > 1.33
12,5,7,0.4166666666666667,2.5324675324675323,98.33333333333333,1180.0,330.0,dir_sweep_points <= 53 AND dir_ema_slow_dist_points > -1.13e+03
12,5,7,0.4166666666666667,2.5324675324675323,98.33333333333333,1180.0,330.0,dir_prev5_ret_points > -129 AND range_atr > 1.64
12,5,7,0.4166666666666667,2.5324675324675323,98.33333333333333,1180.0,440.0,range_atr <= 1.95 AND adx > 18.7
12,5,7,0.4166666666666667,2.5324675324675323,98.33333333333333,1180.0,550.0,vol_rel20 <= 1.16 AND dir_wick_ratio > 0.0946
17,7,10,0.4117647058823529,2.481818181818182,95.88235294117646,1630.0,550.0,atr_points <= 437 AND range_atr <= 2.34
17,7,10,0.4117647058823529,2.481818181818182,95.88235294117646,1630.0,330.0,atr_points <= 437 AND dir_ema_slow_dist_points > -1.13e+03
17,7,10,0.4117647058823529,2.481818181818182,95.88235294117646,1630.0,660.0,opposite_wick_ratio <= 0.091 AND range_atr <= 2.34
17,7,10,0.4117647058823529,2.481818181818182,95.88235294117646,1630.0,550.0,opposite_wick_ratio <= 0.091 AND body_ratio > 0.628
17,7,10,0.4117647058823529,2.481818181818182,95.88235294117646,1630.0,550.0,dir_sweep_points <= 103 AND range_atr <= 2.34
17,7,10,0.4117647058823529,2.481818181818182,95.88235294117646,1630.0,550.0,dir_sweep_points <= 103 AND body_ratio > 0.628
17,7,10,0.4117647058823529,2.481818181818182,95.88235294117646,1630.0,550.0,dir_prev10_ret_points > -543 AND range_atr <= 2.34
17,7,10,0.4117647058823529,2.481818181818182,95.88235294117646,1630.0,550.0,range_atr > 1.64 AND body_atr > 1.33
15,6,9,0.4,2.3636363636363638,90.0,1350.0,440.0,atr_points <= 437 AND rsi > 46.7
15,6,9,0.4,2.3636363636363638,90.0,1350.0,440.0,atr_points <= 437 AND rsi <= 57.8
15,6,9,0.4,2.3636363636363638,90.0,1350.0,440.0,opposite_wick_ratio <= 0.091 AND rsi <= 57.8
15,6,9,0.4,2.3636363636363638,90.0,1350.0,440.0,opposite_wick_ratio <= 0.091 AND adx > 18.7
15,6,9,0.4,2.3636363636363638,90.0,1350.0,330.0,opposite_wick_ratio <= 0.091 AND adx <= 30.4
15,6,9,0.4,2.3636363636363638,90.0,1350.0,440.0,dir_sweep_points <= 103 AND dir_sweep_points <= 53
15,6,9,0.4,2.3636363636363638,90.0,1350.0,550.0,dir_prev5_ret_points > -357 AND rsi > 46.7
15,6,9,0.4,2.3636363636363638,90.0,1350.0,440.0,dir_prev5_ret_points > -357 AND adx <= 30.4
15,6,9,0.4,2.3636363636363638,90.0,1350.0,330.0,dir_prev10_ret_points > -543 AND trend_against_trade == False
15,6,9,0.4,2.3636363636363638,90.0,1350.0,440.0,dir_prev10_ret_points > -543 AND rsi > 46.7
15,6,9,0.4,2.3636363636363638,90.0,1350.0,550.0,dir_prev10_ret_points > -543 AND rsi <= 57.8
15,6,9,0.4,2.3636363636363638,90.0,1350.0,440.0,dir_prev10_ret_points > -543 AND adx > 18.7
15,6,9,0.4,2.3636363636363638,90.0,1350.0,440.0,range_atr > 1.64 AND dir_ema_slow_dist_points > -1.13e+03
15,6,9,0.4,2.3636363636363638,90.0,1350.0,440.0,range_atr <= 2.34 AND adx > 18.7
15,6,9,0.4,2.3636363636363638,90.0,1350.0,550.0,body_atr > 1.33 AND dir_wick_ratio > 0.0946
15,6,9,0.4,2.3636363636363638,90.0,1350.0,330.0,body_ratio > 0.628 AND dir_ema_slow_dist_points > -1.13e+03
10,4,6,0.4,2.3636363636363638,90.0,900.0,330.0,body_ratio > 0.802 AND rsi > 46.7
10,4,6,0.4,2.3636363636363638,90.0,900.0,220.0,body_ratio > 0.802 AND adx <= 30.4
10,4,6,0.4,2.3636363636363638,90.0,900.0,330.0,opposite_wick_ratio <= 0.0379 AND range_atr <= 1.95
10,4,6,0.4,2.3636363636363638,90.0,900.0,220.0,opposite_wick_ratio <= 0.0379 AND rsi <= 57.8
10,4,6,0.4,2.3636363636363638,90.0,900.0,440.0,atr_points <= 437 AND rsi > 51.9
10,4,6,0.4,2.3636363636363638,90.0,900.0,440.0,opposite_wick_ratio <= 0.091 AND rsi > 51.9
10,4,6,0.4,2.3636363636363638,90.0,900.0,440.0,opposite_wick_ratio <= 0.091 AND adx > 26.1
10,4,6,0.4,2.3636363636363638,90.0,900.0,220.0,dir_sweep_points <= 103 AND body_atr > 1.46
10,4,6,0.4,2.3636363636363638,90.0,900.0,440.0,dir_prev10_ret_points > -543 AND rsi > 51.9
10,4,6,0.4,2.3636363636363638,90.0,900.0,220.0,dir_sweep_points <= 53 AND trend_against_trade == False
10,4,6,0.4,2.3636363636363638,90.0,900.0,330.0,dir_prev5_ret_points > -129 AND dir_ema_slow_dist_points > -1.13e+03
10,4,6,0.4,2.3636363636363638,90.0,900.0,330.0,dir_prev5_ret_points > -129 AND adx > 18.7
10,4,6,0.4,2.3636363636363638,90.0,900.0,220.0,dir_ema_slow_dist_points > -374 AND body_atr > 1.33
10,4,6,0.4,2.3636363636363638,90.0,900.0,330.0,dir_ema_slow_dist_points > -374 AND dir_wick_ratio > 0.0946
10,4,6,0.4,2.3636363636363638,90.0,900.0,440.0,range_atr <= 1.95 AND body_atr > 1.33
10,4,6,0.4,2.3636363636363638,90.0,900.0,330.0,range_atr <= 1.95 AND dir_ema_slow_dist_points > -1.13e+03
10,4,6,0.4,2.3636363636363638,90.0,900.0,220.0,dir_wick_ratio <= 0.129 AND dir_ema_slow_dist_points > -1.13e+03
10,4,6,0.4,2.3636363636363638,90.0,900.0,440.0,vol_rel20 <= 1.16 AND dir_ema_slow_dist_points > -1.13e+03
10,4,6,0.4,2.3636363636363638,90.0,900.0,330.0,range_atr > 1.64 AND side == SHORT
10,4,6,0.4,2.3636363636363638,90.0,900.0,440.0,range_atr <= 2.34 AND rsi > 51.9
10,4,6,0.4,2.3636363636363638,90.0,900.0,550.0,body_atr > 1.33 AND adx > 26.1
10,4,6,0.4,2.3636363636363638,90.0,900.0,550.0,body_ratio > 0.628 AND rsi > 51.9
10,4,6,0.4,2.3636363636363638,90.0,900.0,330.0,dir_wick_ratio > 0.0946 AND rsi > 51.9
18,7,11,0.3888888888888889,2.256198347107438,84.44444444444444,1520.0,440.0,dir_prev10_ret_points > -543 AND dir_ema_slow_dist_points > -1.13e+03
13,5,8,0.38461538461538464,2.215909090909091,82.3076923076923,1070.0,220.0,opposite_wick_ratio <= 0.0379 AND dir_ema_slow_dist_points > -1.13e+03
13,5,8,0.38461538461538464,2.215909090909091,82.3076923076923,1070.0,220.0,opposite_wick_ratio <= 0.0379 AND adx <= 30.4
13,5,8,0.38461538461538464,2.215909090909091,82.3076923076923,1070.0,770.0,opposite_wick_ratio <= 0.091 AND vol_rel20 <= 1.16
13,5,8,0.38461538461538464,2.215909090909091,82.3076923076923,1070.0,330.0,dir_sweep_points <= 103 AND dir_wick_ratio <= 0.129
13,5,8,0.38461538461538464,2.215909090909091,82.3076923076923,1070.0,440.0,dir_prev5_ret_points > -357 AND dir_prev5_ret_points > -129
13,5,8,0.38461538461538464,2.215909090909091,82.3076923076923,1070.0,440.0,dir_sweep_points <= 53 AND range_atr <= 2.34
13,5,8,0.38461538461538464,2.215909090909091,82.3076923076923,1070.0,440.0,dir_sweep_points <= 53 AND body_ratio > 0.628
13,5,8,0.38461538461538464,2.215909090909091,82.3076923076923,1070.0,330.0,dir_ema_slow_dist_points > -374 AND dir_ema_slow_dist_points > -1.13e+03
13,5,8,0.38461538461538464,2.215909090909091,82.3076923076923,1070.0,330.0,dir_ema_slow_dist_points > -374 AND trend_against_trade == False
13,5,8,0.38461538461538464,2.215909090909091,82.3076923076923,1070.0,440.0,dir_wick_ratio <= 0.129 AND body_ratio > 0.628
13,5,8,0.38461538461538464,2.215909090909091,82.3076923076923,1070.0,330.0,body_ratio > 0.628 AND trend_against_trade == False
16,6,10,0.375,2.1272727272727274,77.5,1240.0,330.0,atr_points <= 437 AND adx <= 30.4
16,6,10,0.375,2.1272727272727274,77.5,1240.0,550.0,opposite_wick_ratio <= 0.091 AND rsi > 46.7
16,6,10,0.375,2.1272727272727274,77.5,1240.0,550.0,dir_sweep_points <= 103 AND rsi > 46.7
16,6,10,0.375,2.1272727272727274,77.5,1240.0,550.0,dir_sweep_points <= 103 AND rsi <= 57.8
16,6,10,0.375,2.1272727272727274,77.5,1240.0,440.0,dir_sweep_points <= 103 AND adx <= 30.4
16,6,10,0.375,2.1272727272727274,77.5,1240.0,660.0,dir_prev5_ret_points > -357 AND rsi <= 57.8
16,6,10,0.375,2.1272727272727274,77.5,1240.0,330.0,dir_prev10_ret_points > -543 AND adx <= 30.4
16,6,10,0.375,2.1272727272727274,77.5,1240.0,440.0,range_atr > 1.64 AND dir_wick_ratio > 0.0946
16,6,10,0.375,2.1272727272727274,77.5,1240.0,440.0,range_atr > 1.64 AND rsi > 46.7
16,6,10,0.375,2.1272727272727274,77.5,1240.0,440.0,range_atr <= 2.34 AND dir_ema_slow_dist_points > -1.13e+03
16,6,10,0.375,2.1272727272727274,77.5,1240.0,660.0,body_atr > 1.33 AND body_ratio > 0.628
16,6,10,0.375,2.1272727272727274,77.5,1240.0,440.0,dir_wick_ratio > 0.0946 AND dir_ema_slow_dist_points > -1.13e+03
8,3,5,0.375,2.1272727272727274,77.5,620.0,330.0,dir_sweep_points <= 53 AND vol_rel20 <= 1.16
8,3,5,0.375,2.1272727272727274,77.5,620.0,330.0,dir_sweep_points <= 53 AND body_atr > 1.46
8,3,5,0.375,2.1272727272727274,77.5,620.0,220.0,dir_prev5_ret_points > -129 AND dir_wick_ratio <= 0.129
8,3,5,0.375,2.1272727272727274,77.5,620.0,440.0,dir_prev5_ret_points > -129 AND adx > 26.1
8,3,5,0.375,2.1272727272727274,77.5,620.0,220.0,dir_ema_slow_dist_points > -374 AND body_atr > 1.46
8,3,5,0.375,2.1272727272727274,77.5,620.0,330.0,range_atr <= 1.95 AND trend_against_trade == False
8,3,5,0.375,2.1272727272727274,77.5,620.0,330.0,dir_wick_ratio <= 0.129 AND vol_rel20 <= 1.16
8,3,5,0.375,2.1272727272727274,77.5,620.0,220.0,dir_wick_ratio <= 0.129 AND trend_against_trade == False
8,3,5,0.375,2.1272727272727274,77.5,620.0,220.0,range_atr <= 2.34 AND body_atr > 1.46
8,3,5,0.375,2.1272727272727274,77.5,620.0,220.0,dir_ema_slow_dist_points > -1.13e+03 AND side == SHORT
8,3,5,0.375,2.1272727272727274,77.5,620.0,330.0,dir_ema_slow_dist_points > -1.13e+03 AND adx > 26.1
8,3,5,0.375,2.1272727272727274,77.5,620.0,220.0,side == SHORT AND trend_against_trade == False
8,3,5,0.375,2.1272727272727274,77.5,620.0,440.0,rsi > 51.9 AND adx > 26.1
11,4,7,0.36363636363636365,2.0259740259740258,71.81818181818181,790.0,330.0,dir_ema_slow_dist_points > -374 AND range_atr > 1.64
11,4,7,0.36363636363636365,2.0259740259740258,71.81818181818181,790.0,330.0,dir_ema_slow_dist_points > -374 AND rsi > 46.7
11,4,7,0.36363636363636365,2.0259740259740258,71.81818181818181,790.0,330.0,dir_ema_slow_dist_points > -374 AND rsi <= 57.8
11,4,7,0.36363636363636365,2.0259740259740258,71.81818181818181,790.0,550.0,range_atr <= 1.95 AND rsi <= 57.8
11,4,7,0.36363636363636365,2.0259740259740258,71.81818181818181,790.0,440.0,dir_wick_ratio <= 0.129 AND range_atr <= 2.34
11,4,7,0.36363636363636365,2.0259740259740258,71.81818181818181,790.0,550.0,dir_wick_ratio <= 0.129 AND body_atr > 1.33
11,4,7,0.36363636363636365,2.0259740259740258,71.81818181818181,790.0,660.0,vol_rel20 <= 1.16 AND body_atr > 1.33
11,4,7,0.36363636363636365,2.0259740259740258,71.81818181818181,790.0,440.0,range_atr > 1.64 AND rsi > 51.9
11,4,7,0.36363636363636365,2.0259740259740258,71.81818181818181,790.0,550.0,range_atr > 1.64 AND adx > 26.1
11,4,7,0.36363636363636365,2.0259740259740258,71.81818181818181,790.0,550.0,body_atr > 1.33 AND side == SHORT
11,4,7,0.36363636363636365,2.0259740259740258,71.81818181818181,790.0,330.0,body_ratio > 0.628 AND body_atr > 1.46
11,4,7,0.36363636363636365,2.0259740259740258,71.81818181818181,790.0,440.0,dir_wick_ratio > 0.0946 AND side == SHORT
11,4,7,0.36363636363636365,2.0259740259740258,71.81818181818181,790.0,550.0,dir_wick_ratio > 0.0946 AND adx > 26.1
11,4,7,0.36363636363636365,2.0259740259740258,71.81818181818181,790.0,440.0,side == SHORT AND rsi > 46.7
11,4,7,0.36363636363636365,2.0259740259740258,71.81818181818181,790.0,440.0,rsi > 51.9 AND adx > 18.7
14,5,9,0.35714285714285715,1.9696969696969697,68.57142857142857,960.0,660.0,opposite_wick_ratio <= 0.091 AND range_atr <= 1.95
14,5,9,0.35714285714285715,1.9696969696969697,68.57142857142857,960.0,660.0,range_atr <= 1.95 AND range_atr <= 2.34
14,5,9,0.35714285714285715,1.9696969696969697,68.57142857142857,960.0,660.0,range_atr <= 1.95 AND body_ratio > 0.628
14,5,9,0.35714285714285715,1.9696969696969697,68.57142857142857,960.0,770.0,vol_rel20 <= 1.16 AND range_atr <= 2.34
14,5,9,0.35714285714285715,1.9696969696969697,68.57142857142857,960.0,770.0,vol_rel20 <= 1.16 AND body_ratio > 0.628
14,5,9,0.35714285714285715,1.9696969696969697,68.57142857142857,960.0,770.0,range_atr > 1.64 AND rsi <= 57.8
14,5,9,0.35714285714285715,1.9696969696969697,68.57142857142857,960.0,330.0,range_atr > 1.64 AND adx <= 30.4
14,5,9,0.35714285714285715,1.9696969696969697,68.57142857142857,960.0,440.0,range_atr <= 2.34 AND trend_against_trade == False
14,5,9,0.35714285714285715,1.9696969696969697,68.57142857142857,960.0,440.0,body_atr > 1.33 AND trend_against_trade == False
14,5,9,0.35714285714285715,1.9696969696969697,68.57142857142857,960.0,880.0,body_atr > 1.33 AND rsi <= 57.8
14,5,9,0.35714285714285715,1.9696969696969697,68.57142857142857,960.0,660.0,body_atr > 1.33 AND adx > 18.7
14,5,9,0.35714285714285715,1.9696969696969697,68.57142857142857,960.0,550.0,body_atr > 1.33 AND adx <= 30.4
14,5,9,0.35714285714285715,1.9696969696969697,68.57142857142857,960.0,330.0,dir_ema_slow_dist_points > -1.13e+03 AND adx > 18.7
17,6,11,0.35294117647058826,1.9338842975206612,66.47058823529412,1130.0,770.0,range_atr <= 2.34 AND body_ratio > 0.628
17,6,11,0.35294117647058826,1.9338842975206612,66.47058823529412,1130.0,660.0,body_atr > 1.33 AND rsi > 46.7
17,6,11,0.35294117647058826,1.9338842975206612,66.47058823529412,1130.0,550.0,dir_wick_ratio > 0.0946 AND adx > 18.7
17,6,11,0.35294117647058826,1.9338842975206612,66.47058823529412,1130.0,440.0,dir_ema_slow_dist_points > -1.13e+03 AND trend_against_trade == False
17,6,11,0.35294117647058826,1.9338842975206612,66.47058823529412,1130.0,330.0,dir_ema_slow_dist_points > -1.13e+03 AND adx <= 30.4
17,6,11,0.35294117647058826,1.9338842975206612,66.47058823529412,1130.0,440.0,trend_against_trade == False AND adx <= 30.4
15,5,10,0.3333333333333333,1.7727272727272727,56.666666666666664,850.0,440.0,range_atr > 1.64 AND trend_against_trade == False
15,5,10,0.3333333333333333,1.7727272727272727,56.666666666666664,850.0,440.0,range_atr > 1.64 AND adx > 18.7
15,5,10,0.3333333333333333,1.7727272727272727,56.666666666666664,850.0,660.0,range_atr <= 2.34 AND rsi <= 57.8
15,5,10,0.3333333333333333,1.7727272727272727,56.666666666666664,850.0,660.0,body_ratio > 0.628 AND rsi > 46.7
15,5,10,0.3333333333333333,1.7727272727272727,56.666666666666664,850.0,660.0,body_ratio > 0.628 AND rsi <= 57.8
15,5,10,0.3333333333333333,1.7727272727272727,56.666666666666664,850.0,440.0,dir_wick_ratio > 0.0946 AND trend_against_trade == False
15,5,10,0.3333333333333333,1.7727272727272727,56.666666666666664,850.0,440.0,dir_wick_ratio > 0.0946 AND rsi > 46.7
15,5,10,0.3333333333333333,1.7727272727272727,56.666666666666664,850.0,600.0,dir_wick_ratio > 0.0946 AND rsi <= 57.8
15,5,10,0.3333333333333333,1.7727272727272727,56.666666666666664,850.0,440.0,dir_wick_ratio > 0.0946 AND adx <= 30.4
15,5,10,0.3333333333333333,1.7727272727272727,56.666666666666664,850.0,440.0,dir_ema_slow_dist_points > -1.13e+03 AND rsi > 46.7
15,5,10,0.3333333333333333,1.7727272727272727,56.666666666666664,850.0,490.0,dir_ema_slow_dist_points > -1.13e+03 AND rsi <= 57.8
12,4,8,0.3333333333333333,1.7727272727272727,56.666666666666664,680.0,660.0,dir_sweep_points <= 53 AND rsi > 46.7
12,4,8,0.3333333333333333,1.7727272727272727,56.666666666666664,680.0,330.0,dir_sweep_points <= 53 AND adx <= 30.4
12,4,8,0.3333333333333333,1.7727272727272727,56.666666666666664,680.0,770.0,range_atr <= 1.95 AND vol_rel20 <= 1.16
12,4,8,0.3333333333333333,1.7727272727272727,56.666666666666664,680.0,660.0,body_atr > 1.33 AND rsi > 51.9
12,4,8,0.3333333333333333,1.7727272727272727,56.666666666666664,680.0,330.0,trend_against_trade == False AND adx > 18.7
12,4,8,0.3333333333333333,1.7727272727272727,56.666666666666664,680.0,330.0,body_atr > 1.46 AND rsi > 46.7
9,3,6,0.3333333333333333,1.7727272727272727,56.666666666666664,510.0,440.0,dir_sweep_points <= 53 AND dir_prev5_ret_points > -129
9,3,6,0.3333333333333333,1.7727272727272727,56.666666666666664,510.0,550.0,dir_prev5_ret_points > -129 AND rsi <= 57.8
9,3,6,0.3333333333333333,1.7727272727272727,56.666666666666664,510.0,550.0,vol_rel20 <= 1.16 AND trend_against_trade == False
9,3,6,0.3333333333333333,1.7727272727272727,56.666666666666664,510.0,330.0,dir_ema_slow_dist_points > -1.13e+03 AND rsi > 51.9
9,3,6,0.3333333333333333,1.7727272727272727,56.666666666666664,510.0,220.0,dir_ema_slow_dist_points > -1.13e+03 AND body_atr > 1.46
9,3,6,0.3333333333333333,1.7727272727272727,56.666666666666664,510.0,330.0,trend_against_trade == False AND rsi > 51.9
9,3,6,0.3333333333333333,1.7727272727272727,56.666666666666664,510.0,440.0,rsi > 51.9 AND body_atr > 1.46
9,3,6,0.3333333333333333,1.7727272727272727,56.666666666666664,510.0,440.0,rsi > 51.9 AND adx <= 30.4
9,3,6,0.3333333333333333,1.7727272727272727,56.666666666666664,510.0,440.0,adx > 26.1 AND rsi > 46.7
9,3,6,0.3333333333333333,1.7727272727272727,56.666666666666664,510.0,550.0,body_atr > 1.46 AND rsi <= 57.8
9,3,6,0.3333333333333333,1.7727272727272727,56.666666666666664,510.0,330.0,body_atr > 1.46 AND adx > 18.7
16,5,11,0.3125,1.6115702479338843,46.25,740.0,660.0,range_atr <= 2.34 AND rsi > 46.7
16,5,11,0.3125,1.6115702479338843,46.25,740.0,550.0,range_atr <= 2.34 AND adx <= 30.4
16,5,11,0.3125,1.6115702479338843,46.25,740.0,550.0,body_ratio > 0.628 AND adx <= 30.4
16,5,11,0.3125,1.6115702479338843,46.25,740.0,440.0,trend_against_trade == False AND rsi > 46.7
16,5,11,0.3125,1.6115702479338843,46.25,740.0,550.0,rsi > 46.7 AND adx <= 30.4
13,4,9,0.3076923076923077,1.5757575757575757,43.84615384615385,570.0,440.0,range_atr > 1.64 AND body_atr > 1.46
13,4,9,0.3076923076923077,1.5757575757575757,43.84615384615385,570.0,440.0,body_atr > 1.33 AND body_atr > 1.46
13,4,9,0.3076923076923077,1.5757575757575757,43.84615384615385,570.0,440.0,trend_against_trade == False AND rsi <= 57.8
13,4,9,0.3076923076923077,1.5757575757575757,43.84615384615385,570.0,660.0,rsi > 51.9 AND rsi > 46.7
13,4,9,0.3076923076923077,1.5757575757575757,43.84615384615385,570.0,770.0,adx > 26.1 AND adx > 18.7
13,4,9,0.3076923076923077,1.5757575757575757,43.84615384615385,570.0,880.0,rsi > 46.7 AND rsi <= 57.8
13,4,9,0.3076923076923077,1.5757575757575757,43.84615384615385,570.0,440.0,rsi > 46.7 AND adx > 18.7
13,4,9,0.3076923076923077,1.5757575757575757,43.84615384615385,570.0,440.0,adx > 18.7 AND adx <= 30.4
10,3,7,0.3,1.5194805194805194,40.0,400.0,550.0,range_atr <= 1.95 AND rsi > 46.7
10,3,7,0.3,1.5194805194805194,40.0,400.0,440.0,range_atr <= 1.95 AND adx <= 30.4
10,3,7,0.3,1.5194805194805194,40.0,400.0,550.0,dir_wick_ratio <= 0.129 AND rsi > 46.7
10,3,7,0.3,1.5194805194805194,40.0,400.0,330.0,dir_wick_ratio <= 0.129 AND adx <= 30.4
10,3,7,0.3,1.5194805194805194,40.0,400.0,550.0,vol_rel20 <= 1.16 AND rsi <= 57.8
10,3,7,0.3,1.5194805194805194,40.0,400.0,550.0,vol_rel20 <= 1.16 AND adx <= 30.4
10,3,7,0.3,1.5194805194805194,40.0,400.0,330.0,dir_wick_ratio > 0.0946 AND body_atr > 1.46
10,3,7,0.3,1.5194805194805194,40.0,400.0,440.0,side == SHORT AND rsi > 51.9
10,3,7,0.3,1.5194805194805194,40.0,400.0,220.0,trend_against_trade == False AND body_atr > 1.46
10,3,7,0.3,1.5194805194805194,40.0,400.0,330.0,body_atr > 1.46 AND adx <= 30.4
14,4,10,0.2857142857142857,1.4181818181818182,32.857142857142854,460.0,550.0,rsi <= 57.8 AND adx > 18.7
14,4,10,0.2857142857142857,1.4181818181818182,32.857142857142854,460.0,550.0,rsi <= 57.8 AND adx <= 30.4
11,3,8,0.2727272727272727,1.3295454545454546,26.363636363636363,290.0,770.0,vol_rel20 <= 1.16 AND rsi > 46.7
11,3,8,0.2727272727272727,1.3295454545454546,26.363636363636363,290.0,550.0,side == SHORT AND adx > 18.7
8,2,6,0.25,1.1818181818181819,15.0,120.0,550.0,side == SHORT AND adx > 26.1
8,2,6,0.25,1.1818181818181819,15.0,120.0,440.0,trend_against_trade == False AND adx > 26.1
8,2,6,0.25,1.1818181818181819,15.0,120.0,660.0,adx > 26.1 AND rsi <= 57.8
