target,stop,horizon,trades,wins,losses,unresolved,win_rate,pf,expectancy,total,max_dd,profit_to_dd
450,80,10,27,8,19,0,0.2962962962962963,2.0584795321637426,67.03703703703704,1810.0,810.0,2.234567901234568
450,80,15,27,8,19,0,0.2962962962962963,2.0584795321637426,67.03703703703704,1810.0,810.0,2.234567901234568
450,80,20,27,8,19,0,0.2962962962962963,2.0584795321637426,67.03703703703704,1810.0,810.0,2.234567901234568
450,80,30,27,8,19,0,0.2962962962962963,2.0584795321637426,67.03703703703704,1810.0,810.0,2.234567901234568
450,80,45,27,8,19,0,0.2962962962962963,2.0584795321637426,67.03703703703704,1810.0,810.0,2.234567901234568
450,80,60,27,8,19,0,0.2962962962962963,2.0584795321637426,67.03703703703704,1810.0,810.0,2.234567901234568
600,60,30,27,5,22,0,0.18518518518518517,1.9155844155844155,52.22222222222222,1410.0,840.0,1.6785714285714286
600,60,45,27,5,22,0,0.18518518518518517,1.9155844155844155,52.22222222222222,1410.0,840.0,1.6785714285714286
600,60,60,27,5,22,0,0.18518518518518517,1.9155844155844155,52.22222222222222,1410.0,840.0,1.6785714285714286
600,80,30,27,6,21,0,0.2222222222222222,1.873015873015873,61.111111111111114,1650.0,850.0,1.9411764705882353
600,80,45,27,6,21,0,0.2222222222222222,1.873015873015873,61.111111111111114,1650.0,850.0,1.9411764705882353
600,80,60,27,6,21,0,0.2222222222222222,1.873015873015873,61.111111111111114,1650.0,850.0,1.9411764705882353
400,80,10,27,8,19,0,0.2962962962962963,1.8245614035087718,52.22222222222222,1410.0,810.0,1.7407407407407407
400,80,15,27,8,19,0,0.2962962962962963,1.8245614035087718,52.22222222222222,1410.0,810.0,1.7407407407407407
400,80,20,27,8,19,0,0.2962962962962963,1.8245614035087718,52.22222222222222,1410.0,810.0,1.7407407407407407
400,80,30,27,8,19,0,0.2962962962962963,1.8245614035087718,52.22222222222222,1410.0,810.0,1.7407407407407407
400,80,45,27,8,19,0,0.2962962962962963,1.8245614035087718,52.22222222222222,1410.0,810.0,1.7407407407407407
400,80,60,27,8,19,0,0.2962962962962963,1.8245614035087718,52.22222222222222,1410.0,810.0,1.7407407407407407
450,60,10,27,6,21,0,0.2222222222222222,1.7959183673469388,43.333333333333336,1170.0,840.0,1.3928571428571428
450,60,15,27,6,21,0,0.2222222222222222,1.7959183673469388,43.333333333333336,1170.0,840.0,1.3928571428571428
450,60,20,27,6,21,0,0.2222222222222222,1.7959183673469388,43.333333333333336,1170.0,840.0,1.3928571428571428
450,60,30,27,6,21,0,0.2222222222222222,1.7959183673469388,43.333333333333336,1170.0,840.0,1.3928571428571428
450,60,45,27,6,21,0,0.2222222222222222,1.7959183673469388,43.333333333333336,1170.0,840.0,1.3928571428571428
450,60,60,27,6,21,0,0.2222222222222222,1.7959183673469388,43.333333333333336,1170.0,840.0,1.3928571428571428
550,60,30,27,5,22,0,0.18518518518518517,1.7532467532467533,42.96296296296296,1160.0,840.0,1.380952380952381
550,60,45,27,5,22,0,0.18518518518518517,1.7532467532467533,42.96296296296296,1160.0,840.0,1.380952380952381
550,60,60,27,5,22,0,0.18518518518518517,1.7532467532467533,42.96296296296296,1160.0,840.0,1.380952380952381
550,80,30,27,6,21,0,0.2222222222222222,1.7142857142857142,50.0,1350.0,900.0,1.5
550,80,45,27,6,21,0,0.2222222222222222,1.7142857142857142,50.0,1350.0,900.0,1.5
550,80,60,27,6,21,0,0.2222222222222222,1.7142857142857142,50.0,1350.0,900.0,1.5
350,60,10,27,7,20,0,0.25925925925925924,1.7,36.2962962962963,980.0,630.0,1.5555555555555556
350,60,15,27,7,20,0,0.25925925925925924,1.7,36.2962962962963,980.0,630.0,1.5555555555555556
350,60,20,27,7,20,0,0.25925925925925924,1.7,36.2962962962963,980.0,630.0,1.5555555555555556
350,60,30,27,7,20,0,0.25925925925925924,1.7,36.2962962962963,980.0,630.0,1.5555555555555556
350,60,45,27,7,20,0,0.25925925925925924,1.7,36.2962962962963,980.0,630.0,1.5555555555555556
350,60,60,27,7,20,0,0.25925925925925924,1.7,36.2962962962963,980.0,630.0,1.5555555555555556
450,120,10,27,9,18,0,0.3333333333333333,1.6923076923076923,60.0,1620.0,1170.0,1.3846153846153846
450,120,15,27,9,18,0,0.3333333333333333,1.6923076923076923,60.0,1620.0,1170.0,1.3846153846153846
450,120,20,27,9,18,0,0.3333333333333333,1.6923076923076923,60.0,1620.0,1170.0,1.3846153846153846
450,120,30,27,9,18,0,0.3333333333333333,1.6923076923076923,60.0,1620.0,1170.0,1.3846153846153846
450,120,45,27,9,18,0,0.3333333333333333,1.6923076923076923,60.0,1620.0,1170.0,1.3846153846153846
450,120,60,27,9,18,0,0.3333333333333333,1.6923076923076923,60.0,1620.0,1170.0,1.3846153846153846
450,100,10,27,8,19,0,0.2962962962962963,1.6842105263157894,52.96296296296296,1430.0,990.0,1.4444444444444444
450,100,15,27,8,19,0,0.2962962962962963,1.6842105263157894,52.96296296296296,1430.0,990.0,1.4444444444444444
450,100,20,27,8,19,0,0.2962962962962963,1.6842105263157894,52.96296296296296,1430.0,990.0,1.4444444444444444
450,100,30,27,8,19,0,0.2962962962962963,1.6842105263157894,52.96296296296296,1430.0,990.0,1.4444444444444444
450,100,45,27,8,19,0,0.2962962962962963,1.6842105263157894,52.96296296296296,1430.0,990.0,1.4444444444444444
450,100,60,27,8,19,0,0.2962962962962963,1.6842105263157894,52.96296296296296,1430.0,990.0,1.4444444444444444
400,180,20,27,12,15,0,0.4444444444444444,1.6421052631578947,67.77777777777777,1830.0,1520.0,1.2039473684210527
400,180,30,27,12,15,0,0.4444444444444444,1.6421052631578947,67.77777777777777,1830.0,1520.0,1.2039473684210527
400,180,45,27,12,15,0,0.4444444444444444,1.6421052631578947,67.77777777777777,1830.0,1520.0,1.2039473684210527
400,180,60,27,12,15,0,0.4444444444444444,1.6421052631578947,67.77777777777777,1830.0,1520.0,1.2039473684210527
450,180,20,27,11,16,0,0.4074074074074074,1.5921052631578947,66.66666666666667,1800.0,1520.0,1.1842105263157894
450,180,30,27,11,16,0,0.4074074074074074,1.5921052631578947,66.66666666666667,1800.0,1520.0,1.1842105263157894
450,180,45,27,11,16,0,0.4074074074074074,1.5921052631578947,66.66666666666667,1800.0,1520.0,1.1842105263157894
450,180,60,27,11,16,0,0.4074074074074074,1.5921052631578947,66.66666666666667,1800.0,1520.0,1.1842105263157894
400,60,10,27,6,21,0,0.2222222222222222,1.5918367346938775,32.22222222222222,870.0,840.0,1.0357142857142858
400,60,15,27,6,21,0,0.2222222222222222,1.5918367346938775,32.22222222222222,870.0,840.0,1.0357142857142858
400,60,20,27,6,21,0,0.2222222222222222,1.5918367346938775,32.22222222222222,870.0,840.0,1.0357142857142858
400,60,30,27,6,21,0,0.2222222222222222,1.5918367346938775,32.22222222222222,870.0,840.0,1.0357142857142858
400,60,45,27,6,21,0,0.2222222222222222,1.5918367346938775,32.22222222222222,870.0,840.0,1.0357142857142858
400,60,60,27,6,21,0,0.2222222222222222,1.5918367346938775,32.22222222222222,870.0,840.0,1.0357142857142858
500,60,10,27,5,22,0,0.18518518518518517,1.5909090909090908,33.7037037037037,910.0,840.0,1.0833333333333333
500,60,15,27,5,22,0,0.18518518518518517,1.5909090909090908,33.7037037037037,910.0,840.0,1.0833333333333333
500,60,20,27,5,22,0,0.18518518518518517,1.5909090909090908,33.7037037037037,910.0,840.0,1.0833333333333333
500,60,30,27,5,22,0,0.18518518518518517,1.5909090909090908,33.7037037037037,910.0,840.0,1.0833333333333333
500,60,45,27,5,22,0,0.18518518518518517,1.5909090909090908,33.7037037037037,910.0,840.0,1.0833333333333333
500,60,60,27,5,22,0,0.18518518518518517,1.5909090909090908,33.7037037037037,910.0,840.0,1.0833333333333333
350,80,10,27,8,19,0,0.2962962962962963,1.590643274853801,37.407407407407405,1010.0,810.0,1.2469135802469136
350,80,15,27,8,19,0,0.2962962962962963,1.590643274853801,37.407407407407405,1010.0,810.0,1.2469135802469136
350,80,20,27,8,19,0,0.2962962962962963,1.590643274853801,37.407407407407405,1010.0,810.0,1.2469135802469136
350,80,30,27,8,19,0,0.2962962962962963,1.590643274853801,37.407407407407405,1010.0,810.0,1.2469135802469136
350,80,45,27,8,19,0,0.2962962962962963,1.590643274853801,37.407407407407405,1010.0,810.0,1.2469135802469136
350,80,60,27,8,19,0,0.2962962962962963,1.590643274853801,37.407407407407405,1010.0,810.0,1.2469135802469136
600,120,30,27,7,20,0,0.25925925925925924,1.5884615384615384,56.666666666666664,1530.0,1490.0,1.0268456375838926
600,120,45,27,7,20,0,0.25925925925925924,1.5884615384615384,56.666666666666664,1530.0,1490.0,1.0268456375838926
600,120,60,27,7,20,0,0.25925925925925924,1.5884615384615384,56.666666666666664,1530.0,1490.0,1.0268456375838926
600,80,20,27,5,21,1,0.18518518518518517,1.560846560846561,39.25925925925926,1060.0,850.0,1.2470588235294118
500,80,10,27,6,21,0,0.2222222222222222,1.5555555555555556,38.888888888888886,1050.0,950.0,1.105263157894737
500,80,15,27,6,21,0,0.2222222222222222,1.5555555555555556,38.888888888888886,1050.0,950.0,1.105263157894737
500,80,20,27,6,21,0,0.2222222222222222,1.5555555555555556,38.888888888888886,1050.0,950.0,1.105263157894737
500,80,30,27,6,21,0,0.2222222222222222,1.5555555555555556,38.888888888888886,1050.0,950.0,1.105263157894737
500,80,45,27,6,21,0,0.2222222222222222,1.5555555555555556,38.888888888888886,1050.0,950.0,1.105263157894737
500,80,60,27,6,21,0,0.2222222222222222,1.5555555555555556,38.888888888888886,1050.0,950.0,1.105263157894737
600,180,30,27,9,18,0,0.3333333333333333,1.5526315789473684,70.0,1890.0,1670.0,1.1317365269461077
600,180,45,27,9,18,0,0.3333333333333333,1.5526315789473684,70.0,1890.0,1670.0,1.1317365269461077
600,180,60,27,9,18,0,0.3333333333333333,1.5526315789473684,70.0,1890.0,1670.0,1.1317365269461077
600,100,30,27,6,21,0,0.2222222222222222,1.5324675324675325,45.55555555555556,1230.0,1170.0,1.0512820512820513
600,100,45,27,6,21,0,0.2222222222222222,1.5324675324675325,45.55555555555556,1230.0,1170.0,1.0512820512820513
600,100,60,27,6,21,0,0.2222222222222222,1.5324675324675325,45.55555555555556,1230.0,1170.0,1.0512820512820513
600,60,20,27,4,22,1,0.14814814814814814,1.5324675324675325,30.37037037037037,820.0,840.0,0.9761904761904762
400,180,10,27,11,15,1,0.4074074074074074,1.5052631578947369,53.333333333333336,1440.0,1520.0,0.9473684210526315
400,180,15,27,11,15,1,0.4074074074074074,1.5052631578947369,53.333333333333336,1440.0,1520.0,0.9473684210526315
400,120,10,27,9,18,0,0.3333333333333333,1.5,43.333333333333336,1170.0,1170.0,1.0
400,120,15,27,9,18,0,0.3333333333333333,1.5,43.333333333333336,1170.0,1170.0,1.0
400,120,20,27,9,18,0,0.3333333333333333,1.5,43.333333333333336,1170.0,1170.0,1.0
400,120,30,27,9,18,0,0.3333333333333333,1.5,43.333333333333336,1170.0,1170.0,1.0
400,120,45,27,9,18,0,0.3333333333333333,1.5,43.333333333333336,1170.0,1170.0,1.0
400,120,60,27,9,18,0,0.3333333333333333,1.5,43.333333333333336,1170.0,1170.0,1.0
400,100,10,27,8,19,0,0.2962962962962963,1.492822966507177,38.148148148148145,1030.0,990.0,1.0404040404040404
400,100,15,27,8,19,0,0.2962962962962963,1.492822966507177,38.148148148148145,1030.0,990.0,1.0404040404040404
400,100,20,27,8,19,0,0.2962962962962963,1.492822966507177,38.148148148148145,1030.0,990.0,1.0404040404040404
400,100,30,27,8,19,0,0.2962962962962963,1.492822966507177,38.148148148148145,1030.0,990.0,1.0404040404040404
400,100,45,27,8,19,0,0.2962962962962963,1.492822966507177,38.148148148148145,1030.0,990.0,1.0404040404040404
400,100,60,27,8,19,0,0.2962962962962963,1.492822966507177,38.148148148148145,1030.0,990.0,1.0404040404040404
400,200,20,27,12,15,0,0.4444444444444444,1.4857142857142858,56.666666666666664,1530.0,1680.0,0.9107142857142857
400,200,30,27,12,15,0,0.4444444444444444,1.4857142857142858,56.666666666666664,1530.0,1680.0,0.9107142857142857
400,200,45,27,12,15,0,0.4444444444444444,1.4857142857142858,56.666666666666664,1530.0,1680.0,0.9107142857142857
400,200,60,27,12,15,0,0.4444444444444444,1.4857142857142858,56.666666666666664,1530.0,1680.0,0.9107142857142857
550,120,30,27,7,20,0,0.25925925925925924,1.4538461538461538,43.7037037037037,1180.0,1540.0,0.7662337662337663
550,120,45,27,7,20,0,0.25925925925925924,1.4538461538461538,43.7037037037037,1180.0,1540.0,0.7662337662337663
550,120,60,27,7,20,0,0.25925925925925924,1.4538461538461538,43.7037037037037,1180.0,1540.0,0.7662337662337663
300,60,10,27,7,20,0,0.25925925925925924,1.45,23.333333333333332,630.0,630.0,1.0
300,60,15,27,7,20,0,0.25925925925925924,1.45,23.333333333333332,630.0,630.0,1.0
300,60,20,27,7,20,0,0.25925925925925924,1.45,23.333333333333332,630.0,630.0,1.0
300,60,30,27,7,20,0,0.25925925925925924,1.45,23.333333333333332,630.0,630.0,1.0
300,60,45,27,7,20,0,0.25925925925925924,1.45,23.333333333333332,630.0,630.0,1.0
300,60,60,27,7,20,0,0.25925925925925924,1.45,23.333333333333332,630.0,630.0,1.0
450,180,10,27,10,16,1,0.37037037037037035,1.4473684210526316,50.370370370370374,1360.0,1520.0,0.8947368421052632
450,180,15,27,10,16,1,0.37037037037037035,1.4473684210526316,50.370370370370374,1360.0,1520.0,0.8947368421052632
450,200,20,27,11,16,0,0.4074074074074074,1.4404761904761905,54.81481481481482,1480.0,1680.0,0.8809523809523809
450,200,30,27,11,16,0,0.4074074074074074,1.4404761904761905,54.81481481481482,1480.0,1680.0,0.8809523809523809
450,200,45,27,11,16,0,0.4074074074074074,1.4404761904761905,54.81481481481482,1480.0,1680.0,0.8809523809523809
450,200,60,27,11,16,0,0.4074074074074074,1.4404761904761905,54.81481481481482,1480.0,1680.0,0.8809523809523809
400,150,10,27,10,17,0,0.37037037037037035,1.4338235294117647,43.7037037037037,1180.0,1440.0,0.8194444444444444
400,150,15,27,10,17,0,0.37037037037037035,1.4338235294117647,43.7037037037037,1180.0,1440.0,0.8194444444444444
400,150,20,27,10,17,0,0.37037037037037035,1.4338235294117647,43.7037037037037,1180.0,1440.0,0.8194444444444444
400,150,30,27,10,17,0,0.37037037037037035,1.4338235294117647,43.7037037037037,1180.0,1440.0,0.8194444444444444
400,150,45,27,10,17,0,0.37037037037037035,1.4338235294117647,43.7037037037037,1180.0,1440.0,0.8194444444444444
400,150,60,27,10,17,0,0.37037037037037035,1.4338235294117647,43.7037037037037,1180.0,1440.0,0.8194444444444444
350,180,20,27,12,15,0,0.4444444444444444,1.431578947368421,45.55555555555556,1230.0,1520.0,0.8092105263157895
350,180,30,27,12,15,0,0.4444444444444444,1.431578947368421,45.55555555555556,1230.0,1520.0,0.8092105263157895
350,180,45,27,12,15,0,0.4444444444444444,1.431578947368421,45.55555555555556,1230.0,1520.0,0.8092105263157895
350,180,60,27,12,15,0,0.4444444444444444,1.431578947368421,45.55555555555556,1230.0,1520.0,0.8092105263157895
550,80,10,27,5,21,1,0.18518518518518517,1.4285714285714286,30.0,810.0,900.0,0.9
550,80,15,27,5,21,1,0.18518518518518517,1.4285714285714286,30.0,810.0,900.0,0.9
550,80,20,27,5,21,1,0.18518518518518517,1.4285714285714286,30.0,810.0,900.0,0.9
550,180,30,27,9,18,0,0.3333333333333333,1.4210526315789473,53.333333333333336,1440.0,1770.0,0.8135593220338984
550,180,45,27,9,18,0,0.3333333333333333,1.4210526315789473,53.333333333333336,1440.0,1770.0,0.8135593220338984
550,180,60,27,9,18,0,0.3333333333333333,1.4210526315789473,53.333333333333336,1440.0,1770.0,0.8135593220338984
300,180,20,27,13,14,0,0.48148148148148145,1.4172932330827068,41.111111111111114,1110.0,1140.0,0.9736842105263158
300,180,30,27,13,14,0,0.48148148148148145,1.4172932330827068,41.111111111111114,1110.0,1140.0,0.9736842105263158
300,180,45,27,13,14,0,0.48148148148148145,1.4172932330827068,41.111111111111114,1110.0,1140.0,0.9736842105263158
300,180,60,27,13,14,0,0.48148148148148145,1.4172932330827068,41.111111111111114,1110.0,1140.0,0.9736842105263158
600,200,30,27,9,18,0,0.3333333333333333,1.4047619047619047,56.666666666666664,1530.0,1970.0,0.7766497461928934
600,200,45,27,9,18,0,0.3333333333333333,1.4047619047619047,56.666666666666664,1530.0,1970.0,0.7766497461928934
600,200,60,27,9,18,0,0.3333333333333333,1.4047619047619047,56.666666666666664,1530.0,1970.0,0.7766497461928934
550,100,30,27,6,21,0,0.2222222222222222,1.4025974025974026,34.44444444444444,930.0,1220.0,0.7622950819672131
550,100,45,27,6,21,0,0.2222222222222222,1.4025974025974026,34.44444444444444,930.0,1220.0,0.7622950819672131
550,100,60,27,6,21,0,0.2222222222222222,1.4025974025974026,34.44444444444444,930.0,1220.0,0.7622950819672131
550,60,10,27,4,22,1,0.14814814814814814,1.4025974025974026,22.962962962962962,620.0,840.0,0.7380952380952381
550,60,15,27,4,22,1,0.14814814814814814,1.4025974025974026,22.962962962962962,620.0,840.0,0.7380952380952381
550,60,20,27,4,22,1,0.14814814814814814,1.4025974025974026,22.962962962962962,620.0,840.0,0.7380952380952381
600,180,20,27,8,18,1,0.2962962962962963,1.3801169590643274,48.148148148148145,1300.0,1670.0,0.7784431137724551
450,150,10,27,9,18,0,0.3333333333333333,1.375,40.0,1080.0,1440.0,0.75
450,150,15,27,9,18,0,0.3333333333333333,1.375,40.0,1080.0,1440.0,0.75
450,150,20,27,9,18,0,0.3333333333333333,1.375,40.0,1080.0,1440.0,0.75
450,150,30,27,9,18,0,0.3333333333333333,1.375,40.0,1080.0,1440.0,0.75
450,150,45,27,9,18,0,0.3333333333333333,1.375,40.0,1080.0,1440.0,0.75
450,150,60,27,9,18,0,0.3333333333333333,1.375,40.0,1080.0,1440.0,0.75
400,200,10,27,11,15,1,0.4074074074074074,1.361904761904762,42.22222222222222,1140.0,1680.0,0.6785714285714286
400,200,15,27,11,15,1,0.4074074074074074,1.361904761904762,42.22222222222222,1140.0,1680.0,0.6785714285714286
600,120,20,27,6,20,1,0.2222222222222222,1.3615384615384616,34.81481481481482,940.0,1490.0,0.6308724832214765
300,80,10,27,8,19,0,0.2962962962962963,1.3567251461988303,22.59259259259259,610.0,810.0,0.7530864197530864
300,80,15,27,8,19,0,0.2962962962962963,1.3567251461988303,22.59259259259259,610.0,810.0,0.7530864197530864
300,80,20,27,8,19,0,0.2962962962962963,1.3567251461988303,22.59259259259259,610.0,810.0,0.7530864197530864
300,80,30,27,8,19,0,0.2962962962962963,1.3567251461988303,22.59259259259259,610.0,810.0,0.7530864197530864
300,80,45,27,8,19,0,0.2962962962962963,1.3567251461988303,22.59259259259259,610.0,810.0,0.7530864197530864
300,80,60,27,8,19,0,0.2962962962962963,1.3567251461988303,22.59259259259259,610.0,810.0,0.7530864197530864
250,80,10,27,9,18,0,0.3333333333333333,1.3333333333333333,20.0,540.0,720.0,0.75
250,80,15,27,9,18,0,0.3333333333333333,1.3333333333333333,20.0,540.0,720.0,0.75
250,80,20,27,9,18,0,0.3333333333333333,1.3333333333333333,20.0,540.0,720.0,0.75
250,80,30,27,9,18,0,0.3333333333333333,1.3333333333333333,20.0,540.0,720.0,0.75
250,80,45,27,9,18,0,0.3333333333333333,1.3333333333333333,20.0,540.0,720.0,0.75
250,80,60,27,9,18,0,0.3333333333333333,1.3333333333333333,20.0,540.0,720.0,0.75
500,120,10,27,7,20,0,0.25925925925925924,1.3192307692307692,30.74074074074074,830.0,1590.0,0.5220125786163522
500,120,15,27,7,20,0,0.25925925925925924,1.3192307692307692,30.74074074074074,830.0,1590.0,0.5220125786163522
500,120,20,27,7,20,0,0.25925925925925924,1.3192307692307692,30.74074074074074,830.0,1590.0,0.5220125786163522
500,120,30,27,7,20,0,0.25925925925925924,1.3192307692307692,30.74074074074074,830.0,1590.0,0.5220125786163522
500,120,45,27,7,20,0,0.25925925925925924,1.3192307692307692,30.74074074074074,830.0,1590.0,0.5220125786163522
500,120,60,27,7,20,0,0.25925925925925924,1.3192307692307692,30.74074074074074,830.0,1590.0,0.5220125786163522
350,180,10,27,11,15,1,0.4074074074074074,1.312280701754386,32.96296296296296,890.0,1520.0,0.5855263157894737
350,180,15,27,11,15,1,0.4074074074074074,1.312280701754386,32.96296296296296,890.0,1520.0,0.5855263157894737
300,120,10,27,10,17,0,0.37037037037037035,1.3122171945701357,25.555555555555557,690.0,910.0,0.7582417582417582
300,120,15,27,10,17,0,0.37037037037037035,1.3122171945701357,25.555555555555557,690.0,910.0,0.7582417582417582
300,120,20,27,10,17,0,0.37037037037037035,1.3122171945701357,25.555555555555557,690.0,910.0,0.7582417582417582
300,120,30,27,10,17,0,0.37037037037037035,1.3122171945701357,25.555555555555557,690.0,910.0,0.7582417582417582
300,120,45,27,10,17,0,0.37037037037037035,1.3122171945701357,25.555555555555557,690.0,910.0,0.7582417582417582
300,120,60,27,10,17,0,0.37037037037037035,1.3122171945701357,25.555555555555557,690.0,910.0,0.7582417582417582
450,200,10,27,10,16,1,0.37037037037037035,1.3095238095238095,38.51851851851852,1040.0,1680.0,0.6190476190476191
450,200,15,27,10,16,1,0.37037037037037035,1.3095238095238095,38.51851851851852,1040.0,1680.0,0.6190476190476191
300,180,10,27,12,14,1,0.4444444444444444,1.3082706766917294,30.37037037037037,820.0,1140.0,0.7192982456140351
300,180,15,27,12,14,1,0.4444444444444444,1.3082706766917294,30.37037037037037,820.0,1140.0,0.7192982456140351
350,120,10,27,9,18,0,0.3333333333333333,1.3076923076923077,26.666666666666668,720.0,1170.0,0.6153846153846154
350,120,15,27,9,18,0,0.3333333333333333,1.3076923076923077,26.666666666666668,720.0,1170.0,0.6153846153846154
350,120,20,27,9,18,0,0.3333333333333333,1.3076923076923077,26.666666666666668,720.0,1170.0,0.6153846153846154
350,120,30,27,9,18,0,0.3333333333333333,1.3076923076923077,26.666666666666668,720.0,1170.0,0.6153846153846154
350,120,45,27,9,18,0,0.3333333333333333,1.3076923076923077,26.666666666666668,720.0,1170.0,0.6153846153846154
350,120,60,27,9,18,0,0.3333333333333333,1.3076923076923077,26.666666666666668,720.0,1170.0,0.6153846153846154
350,100,10,27,8,19,0,0.2962962962962963,1.3014354066985645,23.333333333333332,630.0,990.0,0.6363636363636364
350,100,15,27,8,19,0,0.2962962962962963,1.3014354066985645,23.333333333333332,630.0,990.0,0.6363636363636364
350,100,20,27,8,19,0,0.2962962962962963,1.3014354066985645,23.333333333333332,630.0,990.0,0.6363636363636364
350,100,30,27,8,19,0,0.2962962962962963,1.3014354066985645,23.333333333333332,630.0,990.0,0.6363636363636364
350,100,45,27,8,19,0,0.2962962962962963,1.3014354066985645,23.333333333333332,630.0,990.0,0.6363636363636364
350,100,60,27,8,19,0,0.2962962962962963,1.3014354066985645,23.333333333333332,630.0,990.0,0.6363636363636364
350,200,20,27,12,15,0,0.4444444444444444,1.2952380952380953,34.44444444444444,930.0,1680.0,0.5535714285714286
350,200,30,27,12,15,0,0.4444444444444444,1.2952380952380953,34.44444444444444,930.0,1680.0,0.5535714285714286
350,200,45,27,12,15,0,0.4444444444444444,1.2952380952380953,34.44444444444444,930.0,1680.0,0.5535714285714286
350,200,60,27,12,15,0,0.4444444444444444,1.2952380952380953,34.44444444444444,930.0,1680.0,0.5535714285714286
600,150,30,27,7,20,0,0.25925925925925924,1.290625,34.44444444444444,930.0,1970.0,0.4720812182741117
600,150,45,27,7,20,0,0.25925925925925924,1.290625,34.44444444444444,930.0,1970.0,0.4720812182741117
600,150,60,27,7,20,0,0.25925925925925924,1.290625,34.44444444444444,930.0,1970.0,0.4720812182741117
500,180,20,27,9,18,0,0.3333333333333333,1.2894736842105263,36.666666666666664,990.0,1870.0,0.5294117647058824
500,180,30,27,9,18,0,0.3333333333333333,1.2894736842105263,36.666666666666664,990.0,1870.0,0.5294117647058824
500,180,45,27,9,18,0,0.3333333333333333,1.2894736842105263,36.666666666666664,990.0,1870.0,0.5294117647058824
500,180,60,27,9,18,0,0.3333333333333333,1.2894736842105263,36.666666666666664,990.0,1870.0,0.5294117647058824
550,200,30,27,9,18,0,0.3333333333333333,1.2857142857142858,40.0,1080.0,2070.0,0.5217391304347826
550,200,45,27,9,18,0,0.3333333333333333,1.2857142857142858,40.0,1080.0,2070.0,0.5217391304347826
550,200,60,27,9,18,0,0.3333333333333333,1.2857142857142858,40.0,1080.0,2070.0,0.5217391304347826
300,200,20,27,13,14,0,0.48148148148148145,1.282312925170068,30.74074074074074,830.0,1260.0,0.6587301587301587
300,200,30,27,13,14,0,0.48148148148148145,1.282312925170068,30.74074074074074,830.0,1260.0,0.6587301587301587
300,200,45,27,13,14,0,0.48148148148148145,1.282312925170068,30.74074074074074,830.0,1260.0,0.6587301587301587
300,200,60,27,13,14,0,0.48148148148148145,1.282312925170068,30.74074074074074,830.0,1260.0,0.6587301587301587
600,100,20,27,5,21,1,0.18518518518518517,1.277056277056277,23.703703703703702,640.0,1170.0,0.5470085470085471
500,100,10,27,6,21,0,0.2222222222222222,1.2727272727272727,23.333333333333332,630.0,1270.0,0.49606299212598426
500,100,15,27,6,21,0,0.2222222222222222,1.2727272727272727,23.333333333333332,630.0,1270.0,0.49606299212598426
500,100,20,27,6,21,0,0.2222222222222222,1.2727272727272727,23.333333333333332,630.0,1270.0,0.49606299212598426
500,100,30,27,6,21,0,0.2222222222222222,1.2727272727272727,23.333333333333332,630.0,1270.0,0.49606299212598426
500,100,45,27,6,21,0,0.2222222222222222,1.2727272727272727,23.333333333333332,630.0,1270.0,0.49606299212598426
500,100,60,27,6,21,0,0.2222222222222222,1.2727272727272727,23.333333333333332,630.0,1270.0,0.49606299212598426
250,120,10,27,11,16,0,0.4074074074074074,1.2692307692307692,20.74074074074074,560.0,780.0,0.717948717948718
250,120,15,27,11,16,0,0.4074074074074074,1.2692307692307692,20.74074074074074,560.0,780.0,0.717948717948718
250,120,20,27,11,16,0,0.4074074074074074,1.2692307692307692,20.74074074074074,560.0,780.0,0.717948717948718
250,120,30,27,11,16,0,0.4074074074074074,1.2692307692307692,20.74074074074074,560.0,780.0,0.717948717948718
250,120,45,27,11,16,0,0.4074074074074074,1.2692307692307692,20.74074074074074,560.0,780.0,0.717948717948718
250,120,60,27,11,16,0,0.4074074074074074,1.2692307692307692,20.74074074074074,560.0,780.0,0.717948717948718
550,180,20,27,8,18,1,0.2962962962962963,1.263157894736842,33.333333333333336,900.0,1770.0,0.5084745762711864
350,150,10,27,10,17,0,0.37037037037037035,1.25,25.185185185185187,680.0,1440.0,0.4722222222222222
350,150,15,27,10,17,0,0.37037037037037035,1.25,25.185185185185187,680.0,1440.0,0.4722222222222222
350,150,20,27,10,17,0,0.37037037037037035,1.25,25.185185185185187,680.0,1440.0,0.4722222222222222
350,150,30,27,10,17,0,0.37037037037037035,1.25,25.185185185185187,680.0,1440.0,0.4722222222222222
350,150,45,27,10,17,0,0.37037037037037035,1.25,25.185185185185187,680.0,1440.0,0.4722222222222222
350,150,60,27,10,17,0,0.37037037037037035,1.25,25.185185185185187,680.0,1440.0,0.4722222222222222
600,200,20,27,8,18,1,0.2962962962962963,1.2486772486772486,34.81481481481482,940.0,1970.0,0.47715736040609136
600,80,10,27,4,21,2,0.14814814814814814,1.2486772486772486,17.40740740740741,470.0,850.0,0.5529411764705883
600,80,15,27,4,21,2,0.14814814814814814,1.2486772486772486,17.40740740740741,470.0,850.0,0.5529411764705883
550,120,10,27,6,20,1,0.2222222222222222,1.2461538461538462,23.703703703703702,640.0,1540.0,0.4155844155844156
550,120,15,27,6,20,1,0.2222222222222222,1.2461538461538462,23.703703703703702,640.0,1540.0,0.4155844155844156
550,120,20,27,6,20,1,0.2222222222222222,1.2461538461538462,23.703703703703702,640.0,1540.0,0.4155844155844156
300,150,10,27,11,16,0,0.4074074074074074,1.24609375,23.333333333333332,630.0,1120.0,0.5625
300,150,15,27,11,16,0,0.4074074074074074,1.24609375,23.333333333333332,630.0,1120.0,0.5625
300,150,20,27,11,16,0,0.4074074074074074,1.24609375,23.333333333333332,630.0,1120.0,0.5625
300,150,30,27,11,16,0,0.4074074074074074,1.24609375,23.333333333333332,630.0,1120.0,0.5625
300,150,45,27,11,16,0,0.4074074074074074,1.24609375,23.333333333333332,630.0,1120.0,0.5625
300,150,60,27,11,16,0,0.4074074074074074,1.24609375,23.333333333333332,630.0,1120.0,0.5625
250,150,10,27,12,15,0,0.4444444444444444,1.2,17.77777777777778,480.0,1040.0,0.46153846153846156
250,150,15,27,12,15,0,0.4444444444444444,1.2,17.77777777777778,480.0,1040.0,0.46153846153846156
250,150,20,27,12,15,0,0.4444444444444444,1.2,17.77777777777778,480.0,1040.0,0.46153846153846156
250,150,30,27,12,15,0,0.4444444444444444,1.2,17.77777777777778,480.0,1040.0,0.46153846153846156
250,150,45,27,12,15,0,0.4444444444444444,1.2,17.77777777777778,480.0,1040.0,0.46153846153846156
250,150,60,27,12,15,0,0.4444444444444444,1.2,17.77777777777778,480.0,1040.0,0.46153846153846156
250,60,10,27,7,20,0,0.25925925925925924,1.2,10.37037037037037,280.0,630.0,0.4444444444444444
250,60,15,27,7,20,0,0.25925925925925924,1.2,10.37037037037037,280.0,630.0,0.4444444444444444
250,60,20,27,7,20,0,0.25925925925925924,1.2,10.37037037037037,280.0,630.0,0.4444444444444444
250,60,30,27,7,20,0,0.25925925925925924,1.2,10.37037037037037,280.0,630.0,0.4444444444444444
250,60,45,27,7,20,0,0.25925925925925924,1.2,10.37037037037037,280.0,630.0,0.4444444444444444
250,60,60,27,7,20,0,0.25925925925925924,1.2,10.37037037037037,280.0,630.0,0.4444444444444444
350,200,10,27,11,15,1,0.4074074074074074,1.1873015873015873,21.85185185185185,590.0,1680.0,0.35119047619047616
350,200,15,27,11,15,1,0.4074074074074074,1.1873015873015873,21.85185185185185,590.0,1680.0,0.35119047619047616
300,200,10,27,12,14,1,0.4444444444444444,1.183673469387755,20.0,540.0,1260.0,0.42857142857142855
300,200,15,27,12,14,1,0.4444444444444444,1.183673469387755,20.0,540.0,1260.0,0.42857142857142855
550,150,30,27,7,20,0,0.25925925925925924,1.18125,21.48148148148148,580.0,2020.0,0.2871287128712871
550,150,45,27,7,20,0,0.25925925925925924,1.18125,21.48148148148148,580.0,2020.0,0.2871287128712871
550,150,60,27,7,20,0,0.25925925925925924,1.18125,21.48148148148148,580.0,2020.0,0.2871287128712871
250,180,10,27,13,14,0,0.48148148148148145,1.1729323308270676,17.037037037037038,460.0,1140.0,0.40350877192982454
250,180,15,27,13,14,0,0.48148148148148145,1.1729323308270676,17.037037037037038,460.0,1140.0,0.40350877192982454
250,180,20,27,13,14,0,0.48148148148148145,1.1729323308270676,17.037037037037038,460.0,1140.0,0.40350877192982454
250,180,30,27,13,14,0,0.48148148148148145,1.1729323308270676,17.037037037037038,460.0,1140.0,0.40350877192982454
250,180,45,27,13,14,0,0.48148148148148145,1.1729323308270676,17.037037037037038,460.0,1140.0,0.40350877192982454
250,180,60,27,13,14,0,0.48148148148148145,1.1729323308270676,17.037037037037038,460.0,1140.0,0.40350877192982454
550,100,10,27,5,21,1,0.18518518518518517,1.1688311688311688,14.444444444444445,390.0,1220.0,0.319672131147541
550,100,15,27,5,21,1,0.18518518518518517,1.1688311688311688,14.444444444444445,390.0,1220.0,0.319672131147541
550,100,20,27,5,21,1,0.18518518518518517,1.1688311688311688,14.444444444444445,390.0,1220.0,0.319672131147541
500,200,20,27,9,18,0,0.3333333333333333,1.1666666666666667,23.333333333333332,630.0,2170.0,0.2903225806451613
500,200,30,27,9,18,0,0.3333333333333333,1.1666666666666667,23.333333333333332,630.0,2170.0,0.2903225806451613
500,200,45,27,9,18,0,0.3333333333333333,1.1666666666666667,23.333333333333332,630.0,2170.0,0.2903225806451613
500,200,60,27,9,18,0,0.3333333333333333,1.1666666666666667,23.333333333333332,630.0,2170.0,0.2903225806451613
600,60,10,27,3,22,2,0.1111111111111111,1.1493506493506493,8.518518518518519,230.0,1050.0,0.21904761904761905
600,60,15,27,3,22,2,0.1111111111111111,1.1493506493506493,8.518518518518519,230.0,1050.0,0.21904761904761905
500,180,10,27,8,18,1,0.2962962962962963,1.1461988304093567,18.51851851851852,500.0,2360.0,0.211864406779661
500,180,15,27,8,18,1,0.2962962962962963,1.1461988304093567,18.51851851851852,500.0,2360.0,0.211864406779661
550,200,20,27,8,18,1,0.2962962962962963,1.1428571428571428,20.0,540.0,2070.0,0.2608695652173913
600,120,10,27,5,20,2,0.18518518518518517,1.1346153846153846,12.962962962962964,350.0,1490.0,0.2348993288590604
600,120,15,27,5,20,2,0.18518518518518517,1.1346153846153846,12.962962962962964,350.0,1490.0,0.2348993288590604
300,100,10,27,8,19,0,0.2962962962962963,1.1100478468899522,8.518518518518519,230.0,990.0,0.23232323232323232
300,100,15,27,8,19,0,0.2962962962962963,1.1100478468899522,8.518518518518519,230.0,990.0,0.23232323232323232
300,100,20,27,8,19,0,0.2962962962962963,1.1100478468899522,8.518518518518519,230.0,990.0,0.23232323232323232
300,100,30,27,8,19,0,0.2962962962962963,1.1100478468899522,8.518518518518519,230.0,990.0,0.23232323232323232
300,100,45,27,8,19,0,0.2962962962962963,1.1100478468899522,8.518518518518519,230.0,990.0,0.23232323232323232
300,100,60,27,8,19,0,0.2962962962962963,1.1100478468899522,8.518518518518519,230.0,990.0,0.23232323232323232
600,150,20,27,6,20,1,0.2222222222222222,1.10625,12.592592592592593,340.0,1970.0,0.17258883248730963
550,180,10,27,7,18,2,0.25925925925925924,1.105263157894737,13.333333333333334,360.0,2310.0,0.15584415584415584
550,180,15,27,7,18,2,0.25925925925925924,1.105263157894737,13.333333333333334,360.0,2310.0,0.15584415584415584
250,100,10,27,9,18,0,0.3333333333333333,1.0909090909090908,6.666666666666667,180.0,950.0,0.18947368421052632
250,100,15,27,9,18,0,0.3333333333333333,1.0909090909090908,6.666666666666667,180.0,950.0,0.18947368421052632
250,100,20,27,9,18,0,0.3333333333333333,1.0909090909090908,6.666666666666667,180.0,950.0,0.18947368421052632
250,100,30,27,9,18,0,0.3333333333333333,1.0909090909090908,6.666666666666667,180.0,950.0,0.18947368421052632
250,100,45,27,9,18,0,0.3333333333333333,1.0909090909090908,6.666666666666667,180.0,950.0,0.18947368421052632
250,100,60,27,9,18,0,0.3333333333333333,1.0909090909090908,6.666666666666667,180.0,950.0,0.18947368421052632
500,150,10,27,7,20,0,0.25925925925925924,1.071875,8.518518518518519,230.0,2070.0,0.1111111111111111
500,150,15,27,7,20,0,0.25925925925925924,1.071875,8.518518518518519,230.0,2070.0,0.1111111111111111
500,150,20,27,7,20,0,0.25925925925925924,1.071875,8.518518518518519,230.0,2070.0,0.1111111111111111
500,150,30,27,7,20,0,0.25925925925925924,1.071875,8.518518518518519,230.0,2070.0,0.1111111111111111
500,150,45,27,7,20,0,0.25925925925925924,1.071875,8.518518518518519,230.0,2070.0,0.1111111111111111
500,150,60,27,7,20,0,0.25925925925925924,1.071875,8.518518518518519,230.0,2070.0,0.1111111111111111
250,200,10,27,13,14,0,0.48148148148148145,1.0612244897959184,6.666666666666667,180.0,1260.0,0.14285714285714285
250,200,15,27,13,14,0,0.48148148148148145,1.0612244897959184,6.666666666666667,180.0,1260.0,0.14285714285714285
250,200,20,27,13,14,0,0.48148148148148145,1.0612244897959184,6.666666666666667,180.0,1260.0,0.14285714285714285
250,200,30,27,13,14,0,0.48148148148148145,1.0612244897959184,6.666666666666667,180.0,1260.0,0.14285714285714285
250,200,45,27,13,14,0,0.48148148148148145,1.0612244897959184,6.666666666666667,180.0,1260.0,0.14285714285714285
250,200,60,27,13,14,0,0.48148148148148145,1.0612244897959184,6.666666666666667,180.0,1260.0,0.14285714285714285
500,200,10,27,8,18,1,0.2962962962962963,1.037037037037037,5.185185185185185,140.0,2660.0,0.05263157894736842
500,200,15,27,8,18,1,0.2962962962962963,1.037037037037037,5.185185185185185,140.0,2660.0,0.05263157894736842
600,180,10,27,6,18,3,0.2222222222222222,1.0350877192982457,4.444444444444445,120.0,2260.0,0.05309734513274336
600,180,15,27,6,18,3,0.2222222222222222,1.0350877192982457,4.444444444444445,120.0,2260.0,0.05309734513274336
600,100,10,27,4,21,2,0.14814814814814814,1.0216450216450217,1.8518518518518519,50.0,1170.0,0.042735042735042736
600,100,15,27,4,21,2,0.14814814814814814,1.0216450216450217,1.8518518518518519,50.0,1170.0,0.042735042735042736
550,150,10,27,6,20,1,0.2222222222222222,1.0125,1.4814814814814814,40.0,2020.0,0.019801980198019802
550,150,15,27,6,20,1,0.2222222222222222,1.0125,1.4814814814814814,40.0,2020.0,0.019801980198019802
550,150,20,27,6,20,1,0.2222222222222222,1.0125,1.4814814814814814,40.0,2020.0,0.019801980198019802
550,200,10,27,7,18,2,0.25925925925925924,1.0,0.0,0.0,2610.0,0.0
550,200,15,27,7,18,2,0.25925925925925924,1.0,0.0,0.0,2610.0,0.0
600,200,10,27,6,18,3,0.2222222222222222,0.9365079365079365,-8.88888888888889,-240.0,2560.0,-0.09375
600,200,15,27,6,18,3,0.2222222222222222,0.9365079365079365,-8.88888888888889,-240.0,2560.0,-0.09375
600,150,10,27,5,20,2,0.18518518518518517,0.921875,-9.25925925925926,-250.0,2020.0,-0.12376237623762376
600,150,15,27,5,20,2,0.18518518518518517,0.921875,-9.25925925925926,-250.0,2020.0,-0.12376237623762376
